task_id,exam_type,exam_date,task_no,task_text,cluster_id,cluster_label,outlier_score,pdf,page,points,time_est,efficiency,difficulty_guess,type,frequency_score,concepts,snippet,centroid_outlier_score
MI|2025-11-28|1,MI,2025-11-28,1,"RJEŠENJA UPISATI NA OVOME PAPIRU 

 
Za funkciju f odredite, ako je moguće, vrijeme izvođenja u Θ notaciji, a ako nije moguće, odredite vrijeme izvođenja u 
O i Ω notaciji. Rješenje upišite u pravokutnik pored zadataka.",9,Složenost algoritama,0.027299142,MI_svi_do_2026.pdf,1.0,5.0,10.0,0.5,2.0,detail,6.0,complexity|queue,Zadatak 1. (5 bodova) – RJEŠENJA UPISATI NA OVOME PAPIRU...,0.07692307692307693
MI|2025-11-28|2,MI,2025-11-28,2,"Potrebno je implementirati metode Count, Reverse i RemoveLast jednostruko povezane linearne liste 
implementirane pokazivačima. Lista treba biti ostvarena korištenjem predložaka (eng. templates). Metoda Count broji 
i vraća ukupan broj elemenata u listi, metoda Reverse obrće redoslijed elemenata u listi (zadnji element postaje glava, 
drugi predzadnji itd.), a metoda RemoveLast uklanja zadnji element liste i vraća njegovu vrijednost. Atom liste 
ListElement i prototipovi funkcija zadani su odsječcima koda u nastavku. 
Nije dozvoljeno koristiti ili implementirati druge metode osim zadanih. 
 
int f(int n) { 
 
if (n <= 0) 
 
 return 1; 
 
else 
 
 return f(n / 4) * 2; 
} 
Rješenje: 
 
template<typename T> 
class ListElement{ 
 public: 
 T i; 
 ListElement<T>* next; 
}; 
template<typename T> 
class MyList{ 
 private: 
 ListElement<T> *head; 
 public: 
 int Count(){ // vaš kod za Count } 
 void Reverse(){ // vaš kod za Reverse } 
 T RemoveLast(){ // vaš kod za RemoveLast } 
}; 
 
Primjer liste prije i nakon funkcije Reverse: 
• 
Prije: 1 -> 2 -> 3 -> 4 -> 5 
 ^ glava liste 
• 
Nakon: 5 -> 4 -> 3 -> 2 -> 1 
 ^ glava liste 

 
Napisati rekurzivnu funkciju koja mijenja poredak elemenata u izvorišnom redu (q) na način da nakon njenog 
izvršavanja elementi budu uređeni silazno po veličini. Funkcija mora imati prototip: 
template<typename T> 
void reorder_by_size(Queue<T>& q); 
Red q je adekvatno stvoren i inicijaliziran prije poziva funkcije, te ga se u funkciji može koristiti. Pri radu sa redom 
Queue<T> dozvoljeno je koristiti samo funkcije enqueue i dequeue: 
Prilikom izrade funkcije reorder_by_size, dozvoljeno je pretpostaviti da će red sadržavati barem jedan element. 
Dozvoljeno je koristiti pomoćne redove ili polja. 
Nije dozvoljeno korištenje ni pomoćnih funkcija niti članskih varijabli koje se koriste za implementaciju reda!",3,Vezana lista,0.089165196,MI_svi_do_2026.pdf,1.0,10.0,30.0,0.3333333333,3.0,core,6.0,linked_list|queue,Zadatak 2. (10 bodova) Potrebno je implementirati metode Count...,0.22857142857142856
MI|2025-11-28|4,MI,2025-11-28,4,"U cjelobrojnom polju pohranjen je sljedeći niz brojeva: 
5, 8, 5, 2, 7, 4, 8, 9 
Ilustrirajte uzlazno sortiranje algoritmom Shell sort uz korake k = 5, 3, 1. Ispišite polje nakon svake promjene i 
podcrtajte sve brojeve relevantne za sljedeći korak.",0,Sortiranje,0.072271705,MI_svi_do_2026.pdf,2.0,10.0,30.0,0.3333333333,1.0,core,3.0,sorting,Zadatak 4. (10 bodova) U cjelobrojnom polju pohranjen je...,0.3103448275862069
MI|2025-11-28|3,MI,2025-11-28,3,"template<typename T> 
class Queue{ 
 private: 
 // privatne članske varijable koje se ne smiju 
 // koristiti/mijenjati 
 public: 
 bool enqueue(T val){ 
 // Dodavanje u red. Vraća true ako je dodavanje 
 // uspjelo, a false inače 
 } 
 bool dequeue(T& val){ 
 // Skidanje iz reda. Vraća true ako je skidanje 
 // uspjelo, a false inače 
 } 
}; 
Primjer: 
 
Prije poziva funkcije 
• 
q = 0 2 5 3 1 4 
 ^ izlaz iz reda q 
 (varijabla read) 
 
Nakon poziva funkcije 
• 
q = 5 4 3 2 1 0 
 ^ izlaz iz reda q 
 (varijabla read) 
 
 

 
 
 
Rješenja: 
1. zadatak 
Θ(log n) (ili Θ(log-4n) 
2. zadatak 
template<typename T> 
class MyList{ 
 public: 
 MyList() { this->head = nullptr;} 
 
int Count() { 
 int cnt = 0; 
 for (ListElement<T>* p = head; p; p = p->next) { 
 cnt++; 
 } 
 return cnt; 
} 
 
 
void Reverse() { 
 
ListElement<T>* curr = head; 
 ListElement<T>* next = nullptr; 
 
ListElement<T>* prev = nullptr; 
 
 while (curr) { 
 
 
// pohrana next 
 
 
next = curr->next; 
 
// obrtanje pokazivaca 
 
 
curr->next = prev; 
 
 
 
// priprema pokazivaca za slj korak 
 
 
prev = curr; 
 
 
curr = next; 
 
} 
 
head = prev; 
 
} 
 
 
 
 
T RemoveLast() { 
 
if (!head) return; 
 
 
if (!head->next) { 
 
 
delete head; 
head = nullptr; 
 
} 
 
ListElement<T>* curr; 
 
for (curr = head; curr->next->next; curr = curr->next); 
T value = curr->next->item; 
 
delete curr->next; 
 
curr->next = nullptr; 
 
 
 
return value; 
 
} 
 
}; 
 
// alternativno RemoveLast: 
ListElement<T>* prev = head; 
ListElement<T>* curr; 
for (curr = head->next; curr->next; curr = 
curr->next) { 
 prev = curr; 
} 
 
T value = curr->item; 
delete curr; 
prev->next = nullptr; 

 
3. zadatak 
template <typename T> 
void reorder_by_size(Queue<T>& q) { 
 T el; 
 if (q.dequeue(el)) { 
 reorder_by_size(q); 
 T newEl; 
 Queue<T> q1; 
 while (q.dequeue(newEl)) { 
 q1.enqueue(newEl); 
 } 
 bool inserted = false; 
 while (q1.dequeue(newEl)) { 
 if (!inserted) { 
 if (newEl < el) { 
 q.enqueue(el); 
 inserted = true; 
 } 
 } 
 q.enqueue(newEl); 
 } 
 if (!inserted) { q.enqueue(el); } 
 } 
} 
 
 
 

 
4. zadatak 
 
korak = 5 
5 8 5 2 7 4 8 9 
5 8 5 2 7 5 8 9 
4 8 5 2 7 5 8 9 
4 8 5 2 7 5 8 9 
 
korak = 3 
4 8 5 2 7 5 8 9 
4 8 5 4 7 5 8 9 
2 8 5 4 7 5 8 9 
2 8 5 4 8 5 8 9 
2 7 5 4 8 5 8 9 
 
korak = 1 
2 7 5 4 8 5 8 9 
2 7 5 4 8 5 8 9 
2 7 7 4 8 5 8 9 
2 5 7 4 8 5 8 9 
2 5 7 7 8 5 8 9 
2 5 5 7 8 5 8 9 
2 4 5 7 8 5 8 9 
2 4 5 7 8 8 8 9 
2 4 5 7 7 8 8 9 
2 4 5 5 7 8 8 9 
2 4 5 5 7 8 8 9",2,Red,0.12817673,MI_svi_do_2026.pdf,2.0,10.0,30.0,0.3333333333,4.0,core,6.0,queue,Zadatak 3. (10 bodova) template<typename T> class Queue...,0.75
MI|2024-11-29|1,MI,2024-11-29,1,"RJEŠENJA UPISATI NA OVOME PAPIRU 

 
Za funkciju f u a) dijelu zadatka te za odsječak koda u b) dijelu zadatku odredite, ako je moguće, vrijeme izvođenja u Θ 
notaciji, a ako nije moguće, odredite vrijeme izvođenja u O i Ω notaciji. Rješenja upišite u pravokutnike pored zadataka. 
U a) dijelu zadatka polja A i B sadrže n prirodnih brojeva (|A| = n, |B| = n). Članovi polja A i B mogu, ali i ne moraju biti 
sortirani (ne znamo unaprijed).",0,Sortiranje,0.048448466,MI_svi_do_2026.pdf,6.0,10.0,30.0,0.3333333333,2.0,core,6.0,complexity|queue,Zadatak 1. (10 bodova) – RJEŠENJA UPISATI NA OVOME PAPIRU...,0.6551724137931034
MI|2024-11-29|2,MI,2024-11-29,2,"Potrebno je implementirati metodu AddUnique, Contains i Remove jednostruko povezane linearne liste 
implementirane pokazivačima. Lista treba biti ostvarena korištenjem predložaka (eng. templates). Metoda AddUnique 
dodaje novi element na kraj liste samo ako element već ne postoji, metoda Remove uklanja prvi element liste sa 
zadanom vrijednosti, a metoda Contains provjerava nalazi li se određeni element u listi. Atom liste ListElement i 
prototipovi funkcija zadani su odsječcima koda u nastavku. 
a) int f(int A[], int B[], int n) { // n >= 1, f2(A, n) = Θ(n) 
 if (n <= 10) return n * n; 
 else { 
 int z = 0; 
 for (int i = 0; i < n / 2; i++) { 
 
 
 if (A[i] == B[i]) 
 break; 
 
 else 
 z += f2(A, n - i); 
 } 
 return z; 
 } 
} 
Rješenje: 
 
b) 
 double A[N][N]; 
 for (int i = 1; i <= N; i++) { 
 for (int j = 1; j <= N; j++) 
 A[i - 1][j - 1] = g2(i, j); // g2(i, j) = Θ(max(i, j)) 
 } 
 Rješenje: 
 
 
template<typename T> 
class ListElement{ 
 public: 
 T i; 
 ListElement<T>* next; 
}; 
template<typename T> 
class MyList{ 
 private: 
 ListElement<T> *head; 
 public: 
 void AddUnique(T val){ //vaš kod za AddUnique } 
 void Remove(T val){ // vaš kod za Remove } 
 bool Contains(T val){ // vaš kod za Contains } 
};",3,Vezana lista,0.08072601,MI_svi_do_2026.pdf,6.0,10.0,30.0,0.3333333333,3.0,core,6.0,linked_list|queue,Zadatak 2. (10 bodova) Potrebno je implementirati metodu AddUnique...,0.37142857142857144
MI|2024-11-29|3,MI,2024-11-29,3,"Napisati rekurzivnu funkciju koja u zadanom izvorišnom stogu (s) uklanja sve višestruke elemente koji se pojavljuju 
zaredom na način da ih se zamjenjuje samo jednom pojavom tog istog elementa. Funkcija mora imati prototip: 
template<typename T> 
T remove_multiple(Stack<T>& s); 
Stog s je adekvatno stvoren i inicijaliziran prije poziva funkcije, te ga se u funkciji može koristiti. Pri radu sa stogom 
Stack<T> dozvoljeno je koristiti samo funkcije push i pop: 
Prilikom izrade funkcije remove_multiple, dozvoljeno je pretpostaviti da će stog sadržavati barem jedan element. 
Nije dozvoljeno je korištenje pomoćnih funkcija! Korištenje članskih varijabli koje se koriste za implementaciju stoga 
podataka nije dozvoljeno.",1,Stog,0.12136358,MI_svi_do_2026.pdf,7.0,10.0,30.0,0.3333333333,4.0,core,6.0,queue|stack,Zadatak 3. (10 bodova) Napisati rekurzivnu funkciju...,0.8571428571428571
MI|2024-11-29|4,MI,2024-11-29,4,"U cjelobrojnom polju pohranjen je sljedeći niz brojeva: 
8, 6, 5, 4, 7, 2, 3, 1 
Ilustrirajte uzlazno sortiranje algoritmom quicksort. Stožer se odabire metodom aproksimacije medijana temeljem 
prvog, srednjeg i zadnjeg člana. Zadan je cutoff = 3 nakon čega se sortira bez navođenja koraka. Potrebno je prikazati 
sadržaj polja nakon svake promjene. 
 
 
template<typename T> 
class Stack{ 
 private: 
 // privatne članske varijable koje se ne smiju 
 // koristiti/mijenjati 
 public: 
 bool push(T val){ 
 // Dodavanje na stog.Vraća true ako je dodavanje 
 // uspjelo, a false inače 
 } 
 bool pop(T& val){ 
 // Skidanje sa stoga. Vraća true ako je skidanje 
 // uspjelo, a false inače 
 } 
}; 
Primjer 1: 
• 
s = 0,1,1,4,3,3 
 ^ vrh stoga s 
• 
s= 0,1,4,3 
 ^ vrh stoga s 
Primjer 2: 
• 
s = 0,1,1,4,1,1 
 ^ vrh stoga s 
• 
s = 0,1,4,1 
 ^ vrh stoga s 
 

 
 
Rješenja: 
 
1. zadatak: 
 
a) Ω(1), O(n2) 
b) Θ(N3) 
Izračunavanje elemenata za svaki redak matrice je između Θ(N2/2) i Θ(N2), pa je za svih N redaka vrijeme 
izvođenja Θ(N3). 
 
2. Zadatak 
template<typename T> 
class MyList{ 
 public: 
 MyList() { this->head = nullptr;} 
 void AddUnique(T val){ 
 
 if (!head) { 
head = new Node<T>(val); // Add the first element if the list is empty 
 
return; 
 } 
 Node<T>* temp = head; 
 while (temp) { 
 if (temp->value == val) { 
 return; // Element already exists, do nothing 
 } 
 if (!temp->next) { 
 temp->next = new Node<T>(val); // Add the element at the end of the 
list return; 
 } 
 temp = temp->next; 
 } 
} 
 
 bool Contains(T val) { 
 for(Node<T>* tmp = head; tmp; tmp = tmp->next) { 
 if (tmp->value == value) { 
 return true; 
 } 
 } 
 return false; 
 } 
 
 bool remove(T data) { 
 ListElement<T> **p; 
 for (p = &head; *p && data != (*p)->data; p = &((*p)->next)); 
 if (*p) { 
 ListElement<T> *tmp; 
 tmp = *p; 
 *p = (*p)->next; 
 delete tmp; 
 return true; 
 } else { 
 return false; 
 } 
 } 
}; 

 
3. zadatak 
template <typename T> 
T remove_multiple(Stack<T> &s) { 
 T el1, el2; 
 s.pop(el1); 
 // check if stack is empty 
 if (!s.pop(el2)) { 
 return el2; 
 } 
 s.push(el2); 
 T prev = remove_multiple(s); 
 if (prev != el1) 
 s.push(el1); 
 return el1; 
} 
 
4. zadatak 
 
8 6 5 4 7 2 3 1 -> medijan 
1 6 5 4 7 2 3 8 -> stožer je 4 
1 6 5 3 7 2 4 8 -> skrivanje stožera 
1 6 5 3 7 2 4 8 -> pronalazak 6 i 2 za zamjenu 
1 2 5 3 7 6 4 8 -> zamijenjeni 6 i 2 
1 2 5 3 7 6 4 8 -> pronalazak 5 i 3 za zamjenu 
1 2 3 5 7 6 4 8 -> zamijenjeni 5 i 3 
1 2 3 4 7 6 5 8 -> povratak stožera 4 
1 2 3 4 7 6 5 8 -> lijeva strana gotova (cutoff), medijan desne strane 
1 2 3 4 6 7 5 8 -> stožer desne strane je 7 
1 2 3 4 6 5 7 8 -> skrivanje stožera 
1 2 3 4 6 5 7 8 -> stožer se „mijenja sa samim sobom“ 
1 2 3 4 6 5 7 8 -> Quicksort završava zbog cutoffa, sortiraju se 6 i 5 za kraj 
1 2 3 4 5 6 7 8 -> Quicksort završava zbog cutoffa, sortiraju se 6 i 5 za kraj",0,Sortiranje,0.07050039,MI_svi_do_2026.pdf,7.0,10.0,30.0,0.3333333333,1.0,core,6.0,queue|sorting,Zadatak 4. (10 bodova) U cjelobrojnom polju pohranjen je...,0.4827586206896552
MI|2023-11-27|1,MI,2023-11-27,1,"Potrebno je napisati rekurzivnu funkciju brojIzStringa koja će za zadani argument niz vratiti nenegativni cijeli broj 
sastavljen od znamenki na parnim mjestima u stringu niz (parna mjesta/indeksi su 0, 2, …), ali u suprotnom smjeru od 
redoslijeda znamenki u ulaznom nizu. To znači da će znamenka s najvećim parnim indeksom u ulaznom nizu biti na 
mjestu najveće dekadske jedinice, tj. na najvećem dekadskom mjestu (vidjeti primjere). 
Pretpostavite da je ulazni string ispravno zadan, tj. string nije prazan i sadrži samo znamenke dekadskog brojevnog 
sustava. Prototip funkcije je: int brojIzStringa(string niz); 
Primjeri: 
string niz 
Funkcija treba vratiti: 
""0"" 
0 (znamenka 0 je na nultom mjestu u ulaznom nizu; 0 će biti na mjestu jedinica) 
""12"" 
1 (znamenka 1 je na nultom mjestu u ulaznom nizu; 1 će biti na mjestu jedinica) 
""327"" 
73 (znamenke 3 i 7 su bile na nultom i drugom mjestu u ulaznom nizu; 7 će biti na mjestu desetica, a 3 na 
mjestu jedinica) 
""093"" 
30 (znamenke 0 i 3 su na nultom i drugom mjestu u ulaznom nizu; 3 na mjestu desetica, 0 na mjestu jedinica) 
""000"" 
0 (znamenke 0 i 0 su na nultom i drugom mjestu u ulaznom nizu; 0 će biti na mjestu desetica i jedinica) 
""12345678"" 
7531 (znamenke 1, 3, 5, 7 na parnim mjestima u ulaznom nizu; 7 na mjestu tisućica, 5 na mjestu stotica, itd.) 
Napomena: nerekurzivna rješenja neće biti priznata.",8,Rekurzija,0.11174027,MI_svi_do_2026.pdf,10.0,8.0,20.0,0.4,4.0,core,6.0,queue,Zadatak 1. (8 bodova) Potrebno je napisati rekurzivnu funkciju...,0.5263157894736842
MI|2023-11-27|2,MI,2023-11-27,2,"RJEŠENJA UPISATI NA OVOME PAPIRU 

 
Za funkcije f i g odredite, ako je moguće, vrijeme izvođenja u Θ notaciji, a ako nije moguće, odredite vrijeme 
izvođenja u O i Ω notaciji. Rješenja upišite u pravokutnike ispod zadataka. 
U primjeru a) polje A je polje prirodnih brojeva, čiji elementi mogu, ali i ne moraju biti sortirani (ne znamo unaprijed). 
a) int f(int* A, int n, int max) { // Θ(f2(m, n)) = n 
 
int rez = 0; 
 
for (int i = 0; i < n; i++) { 
 
 
if (A[i] > max) { 
 rez += f2(A[i], n - i); 
 rez *= f2(A[i], i); 
 
 
} 
 
 
else { 
 for (int j = 1; j < n; j *= 5) 
 rez += f2(A[i], n); 
 
 
} 
 
} 
 
return rez; 
} 
b) int g(int k) { // k >= 0 
 
int s; 
 
if (k <= 1) return 1; 
 
s = g(k - 1); 
 
s += g(k - 1); 
 
return s; 
} 
Rješenje a): 
Rješenje b):",9,Složenost algoritama,0.032092024,MI_svi_do_2026.pdf,10.0,8.0,20.0,0.4,2.0,core,6.0,complexity|queue,Zadatak 2. (8 bodova) – RJEŠENJA UPISATI NA OVOME PAPIRU...,0.46153846153846156
MI|2023-11-27|3,MI,2023-11-27,3,"Potrebno je implementirati metodu AddSorted, Print i destruktor jednostruko povezane linearne liste 
implementirane pokazivačima. Lista treba biti ostvarena korištenjem predložaka (eng. templates). Metoda AddSorted 
dodaje novi element u uzlazno sortiranu listu, metoda Print ispisuje listu, a destruktor oslobađa memoriju svih 
elemenata liste. Atom liste ListElement i prototipovi funkcija zadani su odsječcima koda u nastavku.",3,Vezana lista,0.08551955,MI_svi_do_2026.pdf,11.0,8.0,20.0,0.4,3.0,core,6.0,linked_list|queue|sorting,Zadatak 3. (8 bodova) Potrebno je implementirati metodu AddSorted...,0.4
MI|2023-11-27|4,MI,2023-11-27,4,"Napisati rekurzivnu funkciju copy_reverse koja ulazni stog s kopira u novi stog o na način da sadržaj ulaznog stoga 
s ostaje očuvan nakon završetka funkcije. Elementi na novom stogu o, koji funkcija vraća, trebaju biti u obrnutom 
redoslijedu u odnosu na elemente stoga s. Funkcija copy_reverse mora imati složenost O(n^2) i mora imati prototip: 
template<typename T> 
Stack<T>* copy_reverse(Stack<T>& s); 
Stog s je adekvatno stvoren i inicijaliziran prije poziva funkcije, te ga se u funkciji može koristiti. Pri radu sa stogom 
Stack<T> dozvoljeno je koristiti samo funkcije push i pop te funkciju insert_bottom: 
Nije dozvoljeno korištenje pomoćnih funkcija osim push, pop i insert_bottom. Korištenje članskih varijabli koje se 
koriste za implementaciju stoga podataka nije dozvoljeno. Promjena prototipa funkcije copy_reverse nije dozvoljena!",0,Sortiranje,0.1157998,MI_svi_do_2026.pdf,11.0,8.0,20.0,0.4,4.0,core,6.0,complexity|queue|stack,Zadatak 4. (8 bodova) Napisati rekurzivnu funkciju copy_reverse...,0.896551724137931
MI|2023-11-27|5,MI,2023-11-27,5,"Zadano je polje brojeva s elementima: 
8,6,6,7,9,3,4,0 
Ilustrirajte uzlazno sortiranje zadanog niza brojeva (ispišite polje nakon svake promjene i podcrtajte sve brojeve 
relevantne za sljedeći korak) algoritmom Shell Sort uz korake k = 5, 2, 1. 
template<typename T> 
class ListElement{ 
 public: 
 T item; 
 ListElement<T>* next; 
}; 
template<typename T> 
class MyList{ 
 private: 
 ListElement<T> *head = nullptr; 
 public: 
 void AddSorted(T val){ // vaš kod za AddSorted } 
 void Print(){ // vaš kod za Print } 
 ~MyList(){ // vaš kod za destruktor } 
}; 
template<typename T> 
class Stack{ 
 private: 
 // privatne članske varijable koje se ne smiju 
 // koristiti/mijenjati 
 public: 
 bool push(T val){ 
 // Dodavanje na stog.Vraća true ako je 
 // dodavanje 
 // uspjelo, a false inače 
 } 
 bool pop(T& val){ 
 // Skidanje sa stoga. Vraća true ako je 
 // skidanje 
 // uspjelo, a false inače 
 } 
}; 
template<typename T> 
void insert_bottom(Stack<T>* s, T newEl){ 
 Stack<T> tmp; 
 T el; 
 while(s->Pop(el)){ 
 tmp.Push(el); 
 } 
 s->Push(newEl); 
 while(tmp.Pop(el)){ 
 s->Push(el); 
 } 
} 
 
Primjer: 
• 
s = 0,1,2,3,4,5 
 ^ vrh stoga s 
• 
o = 5,4,3,2,1,0 
 ^ vrh stoga o 
 

 
Rješenja: 
1. zadatak 
int brojIzStringa(string niz) { // niz ne može biti prazan 
 
if (niz[0] == '\0') { // kraj kada je duljina niza paran broj 
 
 
return 0; 
 
} 
 
else if (niz[1] == '\0') { 
 
 
return niz[0] - '0'; // kraj kada je duljina niza neparan broj 
 
} 
 
else { 
 
 
//int rez = brojIzStringa(niz.substr(2)); 
 
 
int rez = brojIzStringa(&niz[2]); 
 
 
int zn = niz[0] - '0'; 
 
 
return rez * 10 + zn; 
 
} 
} 
 
2. zadatak: 
a) 
Ako za svaki A[i] vrijedi A[i] > max, tada je složenost n ∙ (Θ(n – i) + Θ(i) + Θ(1)) = n ∙ Θ(n) = Θ(n2) 
Ako za svaki A[i] vrijedi A[i] <= max, tada je složenost n ∙ log5n ∙ Θ(n) = Θ(n2log n) 
 
Konačno, uzimajući u obzir sve slučajeve za funkciju f vrijedi: Ω(n2) i O(n2 ∙ logn) 
 
b) 
T(0) = T(1) = Θ(1), 
T(2) = T(1) + T(1) + Θ(1) = 2T(1) + Θ(1) 
T(3) = T(2) + T(2) + Θ(1) = 4T(1) + 2∙Θ(1) + Θ(1) = 7 ∙ Θ(1) 
T(4) = T(3) + T(3) + Θ(1) = 14 ∙ Θ(1) + Θ(1) = 15 ∙ Θ(1) 
… 
T(k) = T(k - 1) + T(k-1) + Θ(1) = 2 ∙ (2k-1 ∙ Θ(1) - Θ(1)) + Θ(1) = 2k ∙ Θ(1) - Θ(1) = Θ(2k) 
 
3. zadatak 
template<typename T> 
class MyList{ 
 private: 
 ListElement<T> *head; 
 void PrintRecInternal(ListElement<T> *currHead){ 
 if(currHead == nullptr) return; 
 cout << currHead->item << "" ""; 
 PrintRecInternal(currHead->next); 
 } 
 public: 
 MyList() { this->head = nullptr;} 
 void AddSorted(T el){ 
 ListElement<T> *elem = new ListElement<T>(el); 
 elem->next = nullptr; 
 if(this->head == nullptr){ 
 this->head = elem; 
 return; 
 } 
 if(this->head->item > el){ 
 elem ->next = head; 
 head = elem; 
 return; 

 
 } 
 ListElement<T> *p = this->head; 
 ListElement<T> *pp = this->head->next; 
 while(pp && pp->item < el){ 
 p = pp; 
 pp = pp->next; 
 } 
 if(pp == nullptr) { 
 p->next = elem; 
 } 
 else{ 
 elem->next = pp; 
 p->next = elem; 
 } 
 } 
 
 void AddSorted2(T el){ 
 ListElement<T> *elem = new ListElement<T>(el); 
 elem->next = nullptr; 
 ListElement<T> **p; 
 p = &this->head; 
 while(*p && (*p)->item < el){ 
 p = &((*p)->next); 
 } 
 if(*p == nullptr){ 
 *p = elem; 
 } 
 else{ 
 elem->next = *p; 
 *p = elem; 
 } 
 } 
 
void Print(){ 
 PrintRecInternal(this->head); 
 } 
 
void Print2(){ 
 for (ListElement<T> *p = head; p != nullptr; p = p->next) { 
 cout << p->item << "" ""; 
 } 
 } 
 
 ~MyList() { 
 ListElement<T> *pom = this->head; 
 while(pom != nullptr){ 
 ListElement<T> *pom2 = pom->next; 
 delete(pom); 
 pom = pom2; 
 } 
 } 
}; 
 
 
 
 
 

 
 
 
 
 
 
 
4. zadatak 
 
template<typename T> 
Stack<T>* copy_reverse(Stack<T>& s){ 
 T el; 
 if(s.Pop(el)){ 
 Stack<T>* o = copy_reverse(s); 
 insert_bottom(o, el); 
 s.Push(el); 
 return o; 
 } 
 else{ 
 Stack<T>* o = new Stack<T>(); 
 return o; 
 } 
} 
 
 
5. zadatak 
 
Hk=5 
 
8 6 6 7 9 3 4 0 
8 6 6 7 9 8 4 0 
3 6 6 7 9 8 4 0 
3 6 6 7 9 8 6 0 
3 4 6 7 9 8 6 0 
3 4 6 7 9 8 6 6 
 
Hk=2 
 
3 4 0 7 9 8 6 6 
3 4 3 7 9 8 6 6 
0 4 3 7 9 8 6 6 
0 4 3 7 9 8 9 6 
0 4 3 7 6 8 9 6 
0 4 3 7 6 8 9 8 
0 4 3 7 6 7 9 8 
 
Hk=1 
0 4 3 6 6 7 9 8 
0 4 4 6 6 7 9 8 
0 3 4 6 6 7 9 8 
0 3 4 6 6 7 9 9 
0 3 4 6 6 7 8 9",0,Sortiranje,0.06630607,MI_svi_do_2026.pdf,11.0,8.0,20.0,0.4,1.0,core,3.0,sorting,Zadatak 5. (8 bodova) Zadano je polje brojeva...,0.3448275862068966
MI|2021-11-28|1,MI,2021-11-28,1,"a) Zadano je polje prirodnih brojeva A, koje ima n članova (n ≥ 1). Potrebno je napisati rekurzivnu funkciju koja će u 
polju A obrnuti redoslijed parnih brojeva u polju. Naputak: potrebno je zamijeniti k-ti parni broj slijeva s k-tim parnim 
brojem zdesna (npr. prvi parni broj slijeva treba zamijeniti s prvim parnim brojem zdesna; vidjeti primjere). Neparni 
brojevi trebaju ostati na svojim mjestima. 
Nije dozvoljeno korištenje pomoćnih struktura podataka. Funkcija treba vratiti broj obavljenih zamjena. Prototip 
funkcije je: 
int zamijeniParne(int A[],int n); 
Primjeri: 
Polje A prije poziva funkcije 
Polje A nakon poziva funkcije 
Broj obavljenih zamjena 
A = {10, 2, 5, 6, 7, 9, 1} 
A = {6, 2, 5, 10, 7, 9, 1} 
1 (zamijenjeni su 10 i 6) 
A = {3, 1, 10, 2, 5, 6, 7, 8, 9, 1} 
A = {3, 1, 8, 6, 5, 2, 7, 10, 9, 1} 
2 (zamijenjeni su 10 i 8 te 2 i 6) 
A = {1, 5, 1} 
A = {1, 5, 1} 
0 
A = {12} 
A = {12} 
0 
 
Napomena: nerekurzivna rješenja neće biti priznata. 
b) Odredite složenost funkcije koju ste implementirali u a) dijelu zadatka u O, Ω i Θ notaciji.",8,Rekurzija,0.0942996,,,,,,,,,,,0.0
MI|2021-11-28|2,MI,2021-11-28,2,"RJEŠENJA UPISATI NA OVOME PAPIRU 

 
Za funkcije f i g odredite, ako je moguće, vrijeme izvođenja u Θ notaciji, a ako nije moguće, odredite vrijeme 
izvođenja u O i Ω notaciji. Rješenje upišite u pravokutnik pored zadatka. 
U primjeru a) polje A je polje prirodnih brojeva, čiji elementi mogu, ali i ne moraju biti sortirani (ne znamo unaprijed). 
a) int f(int A[], int n) { // n >= 0, pom(A, n) = Θ(log2n) 
 if (n == 0) return 1; 
 else { 
 int zbroj = 0; 
 for (int i = 1; i < n - 2; i++) { 
 
 
 if (A[i] < A[i + 2]) 
 zbroj += pom(A, i + 2); 
 
 else 
 zbroj += i * (i + 2); 
 } 
 return zbroj; 
 } 
} 
Rješenje:",9,Složenost algoritama,0.029843176,,,,,,,,,,,0.38461538461538464
MI|2021-11-28|3,MI,2021-11-28,3,"Potrebno je implementirati metode AddFirst, Find i destruktor dvostruko povezane linearne liste implementirane 
pokazivačima. Lista treba biti ostvarena korištenjem predložaka (eng. templates). Metoda AddFirst dodaje novi 
element na početak liste, metoda Find dojavljuje nalazi li se element u listi, a destruktor oslobađa memoriju svih 
elemenata liste. Atom liste ListElement i prototipovi funkcija zadani su odsječcima koda u nastavku.",3,Vezana lista,0.08504872,,,,,,,,,,,0.5428571428571428
MI|2021-11-28|4,MI,2021-11-28,4,"Napisati rekurzivnu funkciju koja izvorišni red (sourceq) razdvaja u dva nova reda na način da se svi članovi na parnim 
pozicijama stavljaju u prvi red (queue1), a svi članovi na neparnim pozicijama u drugi red (queue2). Nakon izvršavanja 
funkcije izvorišni red ostaje prazan. Funkcija mora imati prototip: 
template<typename T> 
void split(Queue<T>* sourceq, Queue<T>* queue1, Queue<T>* queue2); 
Sva tri reda su adekvatno stvorena i inicijalizirana prije poziva funkcije, te ih se u funkciji može koristiti. Pri radu s 
redom Queue<T> dozvoljeno je koristiti samo funkcije enqueue i dequeue: 
Korištenje članskih varijabli koje se koriste za implementaciju reda nije dozvoljeno. 
Promjena prototipa funkcije i pozivanje pomoćnih funkcija nije dozvoljeno! 
 
 
b) double g(int k) { // k >= 0 
 double t = 1.; 
 if (k <= 1) return 1.; 
 for (int i = 1; i < k; i++) { 
 t *= g(i); 
 } 
 return t; 
} 
Rješenje: 
 
template<typename T> 
class ListElement{ 
 public: 
 T val; 
 ListElement<T>* next; 
 ListElement<T>* prev; 
}; 
template<typename T> 
class DoubleList{ 
 … 
 public: 
 void AddFirst(T val){ // vaš kod za AddFirst } 
 bool Find(T val){ // vaš kod za Find } 
 ~ DoubleList(){ // vaš kod za destruktor } 
}; 
template<typename T> 
class Queue{ 
 private: 
 // privatne članske varijable koje se ne smiju 
 // koristiti/mijenjati 
 public: 
 bool enqueue(T val){ 
 // Dodavanje u red. Vraća true ako je dodavanje 
 // uspjelo, a false inače 
 } 
 bool dequeue(T& val){ 
 // Skidanje iz reda. Vraća true ako je skidanje 
 // uspjelo, a false inače 
 } 
}; 
Primjer: 
• 
sourceq = 0,1,2,3,4,5,6,7,8,9 
• 
queue1 = 0,2,4,6,8 
• 
queue2 = 1,3,5,7,9 

 
 
 
Rješenja: 
1. zadatak 
a) 
int zamijeniParne(int A[], int n) { 
 
int brZamjena = 0; // broj zamjena 
 
int pomakniPocetak = 0; 
 
int pomakniKraj = 0; 
 
if (n > 1) { 
if (A[0] % 2 == 0 && A[n - 1] % 2 == 0) { 
// A[0] i A[n-1] su parni, pa ih možemo zamijeniti 
 
 
 
int temp = A[0]; 
 
 
 
A[0] = A[n - 1]; 
 
 
 
A[n - 1] = temp; 
 
 
 
pomakniPocetak = 1; 
 
 
 
pomakniKraj = 1; 
 
 
 
brZamjena = 1; 
 
 
} 
 
 
if (A[0] % 2) { // A[0] neparan 
 
 
 
pomakniPocetak = 1; 
 
 
} 
 
 
if (A[n - 1] % 2) { // A[n-1] je neparan 
 
 
 
pomakniKraj = 1; 
 
 
} 
// ažuriraj početni element i duljinu polja za sljedeći rekurzivni poziv fje 
 
 
brZamjena += zamijeniParne(&A[pomakniPocetak], n - pomakniPocetak - pomakniKraj); 
 
} 
 
return brZamjena; 
} 
 
b) O(n), Ω(n) i Θ(n) 
 
2. zadatak: 
• 
najlošiji slučaj: 
ako je polje sortirano (uvijek je A[i] < A[i + 2]), onda je složenost: 
T(n) = log(3) + log(4) + … + log(n) = log(3 ∙ 4 ∙ … ∙ n) = log(1/2) + log(n!) = Θ(log(n!)) 
 
• 
najbolji slučaj: 
ako je polje sortirano obrnutim redoslijedom ili su svi elementi jednaki (uvijek je A[i] >= A[i + 2]) , onda je 
složenost: Θ(n) 
Konačno, uzimajući u obzir sve slučajeve za funkciju f vrijedi: Ω(n) i O(log(n!)) (ili O(nlogn)) 
 
b) T(1) = Θ(1) 
T(2) = T(1) + Θ(1) = T(1) 
T(3) = T(1) + T(2) = 2T(1), 
T(4) = T(1) + T(2) + T(3) = T(1) + T(1) + 2T(1) = 4T(1) = 22T(1), … , 
T(k) = T(1) + T(2) + … + T(k-1) = T(1) + T(1) + … + 2k-3T(1) = 2k-2T(1) = 2k-2Θ(1) = Θ(2k) 
 
 
 
 
 
 

 
3. zadatak 
template<typename T> 
class ListElement{ 
 public: 
 T val; 
 ListElement<T>* next; 
 ListElement<T>* prev; 
}; 
 
template<typename T> 
class DoubleList{ 
 public: 
 ListElement<T>* head; 
 ListElement<T>* tail; 
 DoubleList() {this->head = nullptr; this->tail=nullptr;} 
 
void AddFirst(T val){ 
 ListElement<T>* newElem = new ListElement<T>(); 
 newElem->val = val; 
 newElem->next = this->head; 
 if(this->head != nullptr) this->head->prev = newElem; 
 newElem->prev = nullptr; 
 this->head = newElem; 
 if(this->tail == nullptr) this->tail = newElem; 
 return; 
 } 
 bool Find(T val){ 
 ListElement<T>* tmp = head; 
 while(tmp){ 
 if(tmp->val == val) return true; 
 tmp = tmp->next; 
 } 
 return false; 
 } 
 ~List(){ 
 while(head){ 
 ListElement<T>* tmp = head->next; 
 delete head; 
 head = tmp; 
 } 
 
 tail = nullptr; 
 } 
}; 
 
4. zadatak 
template<typename T> 
void split(Queue<T>* sourceq, Queue<T>* queue1, Queue<T>* queue2){ 
 T val; 
 if(sourceq->dequeue(val)){ 
 queue1->enqueue(val); 
 split(sourceq, queue2, queue1); 
 } 
}",2,Red,0.10697837,,,,,,,,,,,0.5833333333333334
MI|2021-11-29|1,MI,2021-11-29,1,"Zadani su razredi Stack<T> i Queue<T> za koji su definirani konstruktor, članske funkcije za dodavanje elementa te 
skidanje elementa. Definicije razreda i prototipovi navedenih funkcija su: 
template <class T> class Stack { 
public: 
Stack(); 
bool push(T item); 
bool pop(T &item); 
}; 
template <class T> class Queue { 
public: 
Queue(); 
bool enqueue(T data); 
bool dequeue(T &data); 
}; 
Napišite funkciju preurediRed koja će sve elemente iz reda koji su manji od neke zadane vrijednosti v prebaciti na 
početak tog istog reda, a ostale elemente na kraj tog istog reda. Nakon prebacivanja, elementi koji su manji od zadane 
vrijednosti v trebaju ostati u međusobno nepromijenjenom redoslijedu na početku reda, a elementi koji su veći ili 
jednaki v trebaju ostati u međusobno nepromijenjenom redoslijedu na kraju reda (vidjeti primjere). Za preuređenje 
elemenata reda dozvoljeno je koristiti isključivo pomoćni stog/stogove. Rješenja koja ne koriste isključivo pomoćni 
stog/stogove 
neće 
se 
priznati. 
Pretpostavite 
da 
su 
definirani 
operatori 
usporedbe 
za 
tip 
T. 
Prototip funkcije je: 
template <class T> void preurediRed (Queue<T>* q, T v); 
Napišite i odsječak glavnog programa u kojemu ćete definirati varijablu tipa Queue, napuniti tako definiran red 
podatcima tipa int te pozvati funkciju preurediRed. 
Primjeri: 
Red prije preuređenja: IZLAZ -- 4, 1, 5, 7, 8, 2, 3, 9 -- ULAZ 
 
Za v = 5, red nakon preuređenja treba biti: IZLAZ -- 4, 1, 2, 3, 5, 7, 8, 9 -- ULAZ 
Red prije preuređenja: IZLAZ -- 14, 11, 5, 7, 8, 9 -- ULAZ 
Za v = 5, red ostaje nepromijenjen nakon poziva funkcije preurediRed: IZLAZ -- 14, 11, 5, 7, 8, 9 -- ULAZ",2,Red,0.13886571,,,,,,,,,,,0.8333333333333334
MI|2021-11-29|2,MI,2021-11-29,2,"Zadani su nizovi A i B duljine m i n, koji predstavljaju skupove cijelih brojeva (m je broj elemenata skupa A, a n je broj 
elemenata skupa B). Brojevi unutar nizova uzlazno su poredani. Napišite rekurzivnu funkciju jestPodskup koja će 
provjeriti je li skup B podskup skupa A. Ako je B prazan skup (tj. ako je n = 0), funkcija treba vratiti logičku istinu. Ako 
je skup A prazan (tj. ako je m = 0), onda funkcija treba vratiti logičku laž. Vrijeme izvođenja funkcije treba biti O(m). 
Prototip funkcije je: 
bool jestPodskup(int A[], int B[], int m, int n); 
Primjeri: 
A = {1, 2, 4, 6, 7, 9}, B = {1, 4, 9} → B je podskup skupa A (funkcija treba vratiti logičku istinu) 
A = {1, 2, 4, 6, 7, 9}, B = {1, 4, 10} → B nije podskup skupa A (funkcija treba vratiti logičku laž)",8,Rekurzija,0.1144037,,,,,,,,,,,0.47368421052631576
MI|2021-11-29|3,MI,2021-11-29,3,"RJEŠENJA UPISATI NA OVOME PAPIRU 

 
Za funkciju f odredite vrijeme izvođenja u O i Ω notaciji i, ako je moguće, vrijeme izvođenja u Θ notaciji. Rješenje 
upišite u pravokutnik pored zadatka.",9,Složenost algoritama,0.030930554,,,,,,,,,,,0.15384615384615385
MI|2021-11-29|4,MI,2021-11-29,4,"Napisati rekurzivnu funkciju JumpSearchRec kojom se obavlja rekurzivno blokovsko traženje (eng. jump search) 
elementa u polju. Prototip funkcije JumpSearchRec i pozivajuća funkcija JumpSearch su zadani kôdom: 
bool JumpSearchRec(int A[], const size_t n, const size_t blockSize, const int &item); 
bool JumpSearch(int A[], const size_t n, const int &item) { 
 return JumpSearchRec(A, n, sqrt(n), item); 
} 
Prilikom implementacije funkcije JumpSearchRec potrebno je koristiti već postojeću funkciju za slijedno traženje (ne 
treba ju zasebno implementirati) zadanu prototipom: 
bool LinearSearch(int A[], const size_t n, const int &item); 
Funkcija JumpSearchRec treba biti ostvarena u složenosti O(n1/2), pri čemu je n broj elemenata polja u kojem se traži. 
Napomena: Funkcija mora biti implementirana rekurzivno; iterativna rješenja se neće priznavati. Funkcije 
JumpSearch i LinearSearch ne treba pisati, već ih se samo koristi.",8,Rekurzija,0.13228038,,,,,,,,,,,0.7894736842105263
MI|2021-11-29|5,MI,2021-11-29,5,"Zadana je dinamička jednostruka lista koja ima pokazivače na glavu (head) i rep (tail): 
template <typename T> class List{ 
 private: 
 template <typename X> class ListElement{ 
 public: 
 X el; 
 ListElement<X> *next; 
 }; 
 ListElement<T> *head = nullptr; 
 ListElement<T> *tail = nullptr; 
} 
Napisati člansku funkciju RemoveFirst klase List koja briše jedan element iz liste. Elemente se briše s glave liste. 
Funkcija za brisanje treba imati prototip: 
bool RemoveFirst(); 
te vraćati true ako je brisanje uspjelo, a false inače (ako je lista prazna). 
Napisati i vanjsku (ne člansku) funkciju koja će listu zadanu argumentom u potpunosti obrisati pozivanjem prethodno 
implementirane funkcije RemoveFirst koja ima prototip: 
template <typename T> bool RemoveAllFromList(List<T> *lista); 
Funkcija RemoveAllFromList vraća true ako je obrisan barem jedan element liste, a false ako je lista bila prazna. 
 
 
int f(int n) { // n >= 0, g(n) = Θ(n) 
 
if (n == 0) return 1; 
 
else { 
 
 
int umnozak = 1; 
 
 
for (int i = 1; i <= n; i *= 10) 
 
 
 
umnozak *= g(5) + g(i); 
 
 
return umnozak; 
 
} 
} 
Rješenje: 
 

 
RJEŠENJA",3,Vezana lista,0.1141514,,,,,,,,,,,0.2
MI|2020-11-24|1,MI,2020-11-24,1,"Za zadane nizove A i B duljine m i n napišite rekurzivnu funkciju koja počevši od zadnjeg elementa (tj. elementa s 
najvećim indeksom) ispisuje vrijednosti elemenata oba niza na nekoj poziciji i dodatno vrijednost većega od ta dva 
elementa. Ako je jedan niz dulji, tada za elemente kraćeg niza koji nisu definirani ispisati ""-"". Pretpostaviti da su 
duljine nizova m i n ≥ 0. Ako su oba niza prazna (tj. m = 0 i n = 0), ne treba ništa ispisivati. 
Primjeri: 
Niz A sadrži elemente 2, 4, 1, 3, a niz 
B sadrži elemente 4, 4, 8. Ispis treba 
izgledati ovako: 
3 – 3 
1 8 8 
4 4 4 
2 4 4 
Niz A sadrži elemente 11, 14, 12, a 
niz B sadrži elemente -9, -1, 41. Ispis 
treba izgledati ovako: 
12 41 41 
14 -1 14 
11 -9 11 
Niz A je prazan (tj. m = 0), a niz B 
sadrži elemente 11, 14, 12. Ispis 
treba izgledati ovako: 
– 12 12 
– 14 14 
– 11 11 
 
Prototip funkcije je: 
void ispisiVeci(int A[], int m, int B[], int n); 
Napomena: Nerekurzivno rješenje se neće priznati.",8,Rekurzija,0.11036535,,,,,,,,,,,0.3684210526315789
MI|2020-11-24|2,MI,2020-11-24,2,"ISPUNITI NA OVOM PAPIRU 

Zadan je razred Stack<T> kojim je implementiran stog. Stog ima 
članske funkcije push(T data) i pop(T &data) koje omogućavaju 
stavljanje i skidanje elementa sa stoga. Potrebno je nadopuniti kôd 
funkcije isPalindrome, koja provjerava je li ulazni znakovni niz 
palindrom i prema tome vraća istinu ili laž. 
bool isPalindrome(string str){ 
 Stack<char> s; 
 char c; 
 for (int i=0; i<str.length(); i++) { 
 if (i < (str.length()/2)) { 
 
 __________________________________; 
 } else if (i == (str.length()/2) && _____________________________________) { 
 // ništa 
 } else { 
 ______________________________; 
 if (c != str[i]) 
 ___________________________________________; 
 } 
 } 
 ________________________________; 
} 
 
template <class T> class Stack { 
 private: 
 struct Atom { 
 T data; 
 Atom *next; 
 }; 
 Atom *head = nullptr; 
 public: 
 bool push(T data); 
 bool pop(T &data); 
};",0,Sortiranje,0.106987834,,,,,,,,,,,0.8275862068965517
MI|2020-11-24|3,MI,2020-11-24,3,"Zadana je jednostruko povezana lista cijelih brojeva. Lista 
ima strukturu prikazanu okvirom desno. 
Napišite člansku funkciju sljedećeg prototipa: 
void kopirajParne(List<T> &dstList); 
koja će sve parne elemente iz liste nad kojom je pozvana 
prebaciti u listu dstList. Poredak elemenata u dstList mora 
biti isti kao i poredak u originalnoj listi, npr.: 
srcList: HEAD -> 5 -> 4 -> 7 -> 1 -> 6 -> 8 -> 2 -> 3 -> NULLPTR 
dstList: HEAD -> 4 -> 6 -> 8 -> 2 -> NULLPTR",3,Vezana lista,0.11453104,,,,,,,,,,,0.34285714285714286
MI|2020-11-24|4,MI,2020-11-24,4,"ISPUNITI NA OVOM PAPIRU 

Za funkcije f i g odredite, ako je moguće, vrijeme izvođenja u Θ notaciji, a ako nije moguće, odredite vrijeme 
izvođenja u O i Ω notaciji. Rješenja upišite u pravokutnike ispod zadataka. 
 
/* A je polje n cijelih brojeva (n >= 1). Funkcija za 
 * sortiranje sortira niz uzlazno i implementira 
 * algoritam naveden u imenu funkcije. 
 */ 
void f(int A[], int n) { 
 // Funkcija napuniNiz generira elemente niza u 
 // vremenu Θ(n) 
 
 for (int i = n; i >= 1; i--) { 
 napuniNiz(A, n); 
 selectionSort(A, n); 
 for (j = 0; j < n; j++) 
 std::cout << A[j] << "" ""; 
 std::cout << endl; 
 } 
} 
Rješenje: 
 
 
 
 
int g(int n) { // n >= 0 
 int cnt = 0; 
 if (n == 0) return 1; 
 else { 
 cnt += g(n - 1); 
 cnt += g(n - 1); 
 return cnt; 
 } 
} 
 
Rješenje:",9,Složenost algoritama,0.029987764,,,,,,,,,,,0.0
MI|2020-11-24|5,MI,2020-11-24,5,"ISPUNITI NA OVOM PAPIRU 

Zadano je polje cijelih brojeva s elementima 8, 2, 6, 4, 1, 3, 5, 7. Ilustrirajte uzlazno sortiranje polja algoritmom 
Poboljšani Bubblesort. Ispišite polje nakon svakog koraka vanjske petlje (indeks vanjske petlje je varijabla i). 
Početno polje: 
8 
2 
6 
4 
1 
3 
5 
7 
i = 0 
 
 
 
 
 
 
 
 
i = 1 
 
 
 
 
 
 
 
 
 
 
 
 
 
 
 
 
 
 
 
 
 
 
 
 
 
 
 
 
 
 
 
 
 
 
 
 
 
 
 
 
 
 
 
 
 
 
 
 
 
 
 
 
 
 
 
 
 
 
 
 
 
 
 
 
 
 
 
 
 
 
 
template <class T> class List { 
private: 
 struct Atom { 
 T data; 
 Atom *next; 
 }; 
 Atom *head = nullptr; 
public: 
 bool insert(T data);//dod. na početak 
}; 

 
 
Rješenja: 
 
1. zadatak (7 bodova) 
void ispisiVeci(int A[], int m, int B[], int n) { 
 if (m >= 1 || n >= 1) { 
 if (m > n) { // 1 boda 
 cout << A[m - 1] << "" "" << ""-"" << "" "" << A[m - 1] << endl; 
 --m; 
 } 
 else if (n > m) { 
 cout << ""-"" << "" "" << B[n - 1] << "" "" << B[n - 1] << endl; 
 --n; 
 } 
 else { // m == n 
 int veci = std::max(A[m - 1], B[n - 1]); 
 cout << A[m - 1] << "" "" << B[n - 1] << "" "" << veci << endl; 
 --m; --n; 
 } 
 ispisiVeci(A, m, B, n); 
 } 
} 
 
2. zadatak (7 bodova) 
bool isPalindrome(string str){ 
 Stog<char> s; 
 char c; 
 for (int i=0; i<str.length(); i++) { 
 if (i < (str.length()/2)) { 
 s.push(str[i]); 
 } 
 else if (i == (str.length()/2) && str.length() % 2 == 1) { 
 // ništa 
 } 
 else { 
 s.pop(c); 
 if (c != str[i]) 
 return false; 
 } 
 } 
 return true; 
} 
 
 
 
 

 
 
3. zadatak (7 bodova) 
 void kopirajParne(List<T> &dstList) { 
 Atom *dstListTail = nullptr; 
 for (auto curr = head; curr != nullptr; curr = curr->next) { 
 //ako je broj parni 
 if (curr->data % 2 == 0) { 
 //stvori novi Atom 
 Atom* newAtom = new (nothrow) Atom; 
 //if (newAtom == nullptr) return; 
 newAtom->data = curr->data; 
 newAtom->next = nullptr; 
 
 //dva slučaja: 
 //1. dstList je prazna 
 if (dstList.head == nullptr) { 
 dstList.head = dstListTail = newAtom; 
 } 
 else { 
 //2. dstList nije prazna 
 dstListTail->next = newAtom; 
 dstListTail = dstListTail->next; 
 } 
 } 
 } 
} 
 
 
4. zadatak (7 bodova) 
a) T(n) = n∙(Θ(n) + Θ(n2) + Θ(n)) = Θ(n3) 
b) T(n) = 2∙T(n-1) + Θ(1) = 2∙(2∙T(n-2) + Θ(1)) + Θ(1) = … 
= (2n-1 + … + 20)∙Θ(1) = Θ(2n) 
 
 
5. zadatak (7 bodova) 
Početno polje: 
8 2 6 4 1 3 5 7 
i = 0 : 
 
2 6 4 1 3 5 7 8 
i = 1 : 
 
2 4 1 3 5 6 7 8 
i = 2 : 
 
2 1 3 4 5 6 7 8 
i = 3 : 
 
1 2 3 4 5 6 7 8 
i = 4 : 
 
1 2 3 4 5 6 7 8 
Nije bilo promjene za i==4, kraj. 
 

 
 
Okrenite stranicu",3,Vezana lista,0.08320089,,,,,,,,,,,0.4857142857142857
MI|2019-11-25|1,MI,2019-11-25,1,"a) Napišite rekurzivnu funkciju koja provjerava nalazi li se niz podniz unutar niza niz počevši s pozicijom pocetak. 
Ako je to istina, funkcija treba vratiti logičku istinu, a inače logičku laž. Prototip funkcije je: 
bool podnizUNizu(string niz, string podniz, int pocetak); 
Primjeri: Ako je niz ""Dobar dan!"", podniz ""dan"" i pocetak 0, funkcija treba vratiti logičku laž. Ako je niz ""Dobar 
dan!"", podniz ""dan"" i pocetak 6, funkcija treba vratiti logičku istinu. 
Napomene: Prazan podniz uvijek postoji unutar zadanog niza niz. Ako je niz niz prazan, funkcija treba vratiti 
logičku laž. Nerekurzivno rješenje se neće priznati. 
b) Napišite odsječak glavnog programa u kojemu se poziva funkcija iz a) dijela zadatka. 
c) Odredite složenost vaše implementacije funkcije iz a) dijela zadatka u O, Ω i, ako je moguće, Θ notaciji.",8,Rekurzija,0.12722856,,,,,,,,,,,0.8947368421052632
MI|2019-11-25|2,MI,2019-11-25,2,"Odredite vrijeme izvođenja u O, Ω i, gdje je moguće, Θ notaciji za funkcije f1 i f2. Ako se vrijeme izvođenja u Θ 
notaciji ne može odrediti, navedite tako u rješenju. Rješenja upišite u tablice pored zadataka. 
a) 
/* A je polje n cijelih brojeva. 
 * Funkcija za sortiranje sortira niz uzlazno. 
 * Funkcije implementiraju algoritme navedene u 
 * imenima funkcija. 
*/ 
void f1 (int A[], int n) { 
 insertionSort(A, n); 
 for (int i = n - 1; i >= 0; i--) 
 binarySearch(A, n, A[i]); 
} 
 
 
O 
Ω 
Θ 
b) 
int g(int i, int n) { 
 int zbroj = 0; 
 if (n <= 2) 
 return 1; 
 
 for (int k = i; k < n; k++) { 
 zbroj += k; 
 cout << zbroj << "" "" << endl; 
 } 
 return zbroj; 
} 
 
void f2(int n) { // n >= 0 
 for (int i = 1; i <= n; i *= 2) 
 cout << g(i, n) << endl; 
} 
 
O 
Ω 
Θ",9,Složenost algoritama,0.031279087,,,,,,,,,,,0.3076923076923077
MI|2019-11-25|3,MI,2019-11-25,3,"Zadan je razred List<T> kojim se implementira dinamička lista (lista realizirana pokazivačima). 
 template <typename T> 
 class List { 
ListElement<T> *head = nullptr; 
 }; 
template <typename T> 
struct ListElement { 
 
T data; 
 
ListElement<T> *next; 
}; 
Napisati člansku funkciju razreda List<T> koja modificira postojeću listu tako da iz liste izbacuje sve elemente veće 
od elementa item zadanog argumentom funkcije. Za usporedbu elemenata tipa T može se koristiti operatore >, <, 
>=, <= ili != (nije ih potrebno implementirati). Članska funkcija treba imati prototip: 
void removeGreaterThan(T item); 
Napomena: u izradi funkcije removeGreaterThan nije dozvoljeno koristiti gotove funkcije za rad s listom (insert, delete 
i sl).",3,Vezana lista,0.1163187,,,,,,,,,,,0.5714285714285714
MI|2019-11-25|4,MI,2019-11-25,4,"Zadan je razred Queue<T> kojim se implementira red. 
template <class T> class Queue { 
public: 
Queue(); 
bool enqueue(T data); 
bool dequeue(T &data); 
}; 
Potrebno je napisati funkciju split koja treba imati prototip: 
template <class T> 
Queue<T> *split(Queue<T>* q); 
Funkcija split red razdvaja na sljedeći način: 
a) Svaki član na neparnoj poziciji gledano s izlaza iz reda (1. član, 3. član, 5. član itd.) stavlja u novi red (uz zadržani 
poredak članova ulaznog reda q) i tako formirani novi red vraća u pozivajuću funkciju. 
b) Svaki član na parnoj poziciji gledano s izlaza iz reda (2. član, 4. član, 6. član itd.) ostavlja u ulaznom redu (uz zadržani 
poredak članova ulaznog reda q). 
Napomena: U funkciji split nije dozvoljeno koristiti i/ili mijenjati internu implementaciju reda (polja ili pokazivače iz 
razreda Queue<T>), već je potrebno koristiti članske funkcije enqueue i dequeue.",2,Red,0.14644317,,,,,,,,,,,0.9166666666666666
MI|2019-11-25|5,MI,2019-11-25,5,"Zadano je polje cijelih brojeva s elementima: 3, 9, 1, 6, 8, 5, 3, 7, 2. Ilustrirajte uzlazno sortiranje zadanog niza brojeva 
(ispišite polje nakon svake promjene i podcrtajte sve brojeve relevantne za sljedeći korak) algoritmom shellsort uz 
korake K = {4, 3, 1}. 
Zaokružite točan odgovor: općenito shellsort je stabilan / nije stabilan algoritam za sortiranje. 

 
Rješenja: 
1. zadatak 
bool podnizUNizu(string niz, string podniz, int pocetak) { 
 
if (podniz[0] == '\0') return true; 
 
else if (niz[pocetak] == podniz[0]) { 
 
 
return podnizUNizu(niz, podniz.substr(1), pocetak + 1); 
 
} 
 
else return false; 
} 
 
b) Odsječak glavnog programa: 
// #include <string> 
string niz = ""Dobar dan!"", podniz = ""dan""; 
cout << podnizUNizu(niz, podniz, 0) << endl; 
cout << podnizUNizu(niz, podniz, 6) << endl; 
 
c) Složenost funkcije iz a) dijela zadatka: 
O(|podniz|), gdje je |podniz| duljina niza podniz; Ω(1); Θ se ne može odrediti 
 
2. zadatak 
a) O(n2), Ω(n∙ log n), Θ ne postoji 
Za vrijeme izvođenja funkcije insertionSort vrijedi Ω(n) i O(n2). 
Najbolji slučaj: f1 prima uzlazno sortiran niz, pa je u tom slučaju vrijeme izvođenja Θ(n + n ∙ logn) = Θ(n ∙ logn). 
Najlošiji i prosječan slučaj: Θ(n2 + n ∙ logn) = Θ(n2). Za f1 promatrano kroz sve moguće slučajeve vrijedi Ω(n∙ log n) i 
O(n2). 
b) O(n ∙ log n), Ω(n ∙ log n), Θ(n ∙ log n) 
Funkcija g se poziva log2n puta, a za n > 2 petlja u funkciji g se obavlja n – i puta. 
 
3. zadatak 
 void removeGreaterThan(T item) { 
 ListElement<T> **p; 
 p = &head; 
 while (*p) { 
 for (; *p && item >= (*p)->data; p = &((*p)->next)) 
 ; 
 if (*p) { 
 ListElement<T> *tmp; 
 tmp = *p; 
 *p = (*p)->next; 
 delete tmp; 
 } 
 } 
 } 
 
 

 
4. zadatak 
template<class T> Queue<T>* split(Queue<T>* q){ 
 Queue<T>* qnew = new Queue<T>(); 
 Queue<T> temp; 
 T item; 
 int sequence = 1; 
 while(q->dequeue(item)){ 
 if(sequence % 2 == 1) 
 qnew->enqueue(item); 
 else{ 
 temp.enqueue(item); 
 } 
 sequence++; 
 } 
 while(temp.dequeue(item)){ 
 q->enqueue(item); 
 } 
 return qnew; 
} 
 
5. zadatak 
3, 9, 1, 6, 8, 5, 3, 7, 2 
 
 
0 
1 
2 
3 
4 
5 
6 
7 
8 
hk = 4 
pom = 5 
3 
9 
1 
6 
8 
5 
3 
7 
2 
pom = 2 
3 
5 
1 
6 
8 
9 
3 
7 
2 
pom = 2 
3 
5 
1 
6 
8 
9 
3 
7 
8 
pom = 2 
3 
5 
1 
6 
3 
9 
3 
7 
8 
pom = 2 
2 
5 
1 
6 
3 
9 
3 
7 
8 
hk = 3 
pom = 3 
2 
5 
1 
6 
3 
9 
3 
7 
8 
pom = 3 
2 
3 
1 
6 
5 
9 
3 
7 
8 
pom = 8 
2 
3 
1 
3 
5 
9 
6 
7 
8 
pom = 8 
2 
3 
1 
3 
5 
8 
6 
7 
9 
hk = 1 
pom = 1 
2 
3 
1 
3 
5 
8 
6 
7 
9 
 
2 
3 
3 
3 
5 
8 
6 
7 
9 
 
2 
2 
3 
3 
5 
8 
6 
7 
9 
pom = 6 
1 
2 
3 
3 
5 
8 
6 
7 
9 
 
1 
2 
3 
3 
5 
8 
8 
7 
9 
 
1 
2 
3 
3 
5 
6 
8 
7 
9 
pom = 7 
1 
2 
3 
3 
5 
6 
8 
7 
9 
 
1 
2 
3 
3 
5 
6 
8 
8 
9 
Konačno 
rješenje 
1 
2 
3 
3 
5 
6 
7 
8 
9 
 

 
 
Okrenite stranicu",3,Vezana lista,0.0694715,,,,,,,,,,,0.5142857142857142
MI|2017-04-19|1,MI,2017-04-19,1,"a) Napišite rekurzivnu funkciju koja za znakovni niz (string) proizvoljne duljine provjerava ima li svaka otvorena uglata 
zagrada u nizu (znak '[') pripadajuću zatvorenu uglatu zagradu (znak ']') i obratno. Funkcija treba vratiti 1, ako svaka 
otvorena zagrada u nizu ima pripadajuću zatvorenu zagradu, a 0 inače. 
Pretpostavite da se znakovni niz sastoji samo od znakova '[' i ']'. Prototip funkcije je: 
int provjeriZagrade(char *niz, int *zastavica); 
Naputak: zastavica je pomoćna vrijednost koja se koristi za praćenje broja neuparenih zagrada. 
Primjeri: 
Za niz ""[[[][]]"" funkcija treba vratiti 0, jer zagrada [ nema pripadajuću zatvorenu zagradu. 
Za niz ""]][[[]]"" funkcija treba vratiti 0, jer zagrada ] nema pripadajuću otvorenu zagradu. 
Za niz ""[[[][]]]"" funkcija treba vratiti 1, jer svaka otvorena zagrada ima pripadajuću zatvorenu zagradu. 
Napomena: nerekurzivno rješenje se neće priznati. 
b) Napišite odsječak glavnog programa u kojem se poziva funkcija iz a) dijela zadatka za niz ""[[]"". 
Komentar uz zadatak: uparenost zagrada znači da svaka otvorena uglata zagrada (znak '[') ima pripadajuću zatvorenu 
uglatu zagradu (znak ']'), gdje nije bitno da je redoslijed zagrada matematički ispravan, tj. i niz "" []"" i niz ""]["" su 
ispravno zadani.",8,Rekurzija,0.11320577,,,,,,,,,,,0.21052631578947367
MI|2017-04-19|2,MI,2017-04-19,2,"Odredite vrijeme izvođenja u O, Ω i, gdje je moguće, Θ notaciji za funkcije f1 i f2. Ako se vrijeme izvođenja u Θ 
notaciji ne može odrediti, navedite tako u rješenju. Rješenja upišite u tablice pored zadataka. 
a) 
/* A je polje n cijelih brojeva. 
 * Funkcije za sortiranje sortiraju niz uzlazno, 
 * a koriste algoritam naveden u imenu funkcije. 
*/ 
void f1(int *A, int n) { 
 insertionSort(A, n); 
 mergeSort(A, n); 
} 
 
O 
Ω 
Θ 
b) 
void f2(int n) { 
 int i; 
 if (n == 1) { 
 return; 
 } 
 for (i = 0; i < n; i++) { 
 f2(n - 1); 
 } 
} 
 
O 
Ω 
Θ",9,Složenost algoritama,0.031279135,,,,,,,,,,,0.23076923076923078
MI|2017-04-19|3,MI,2017-04-19,3,"U polje cijelih brojeva pohranjen je sljedeći niz brojeva: 2, 1, 4, 5, 9, 3, 6, 7, 8. Ilustrirati uzlazno sortiranje 
algoritmom Quicksort. Stožer za quicksort odabrati metodom aproksimacije medijana temeljem prvog, središnjeg i 
zadnjeg člana. Polja s manje ili točno cutoff = 3 elementa sortirati insertion sortom. Navesti korake u sortiranju kod 
kojih je došlo do zamjene pojedinih članova polja te označiti zamjene članova polja. Također, detaljno prikazati korake 
zamjene kod sortiranja insertion sortom.",0,Sortiranje,0.056111157,,,,,,,,,,,0.20689655172413793
MI|2017-04-19|4,MI,2017-04-19,4,"U jednostruko povezanu nesortiranu listu spremljeni su cijeli brojevi. Lista je zadana sljedećom strukturom: 
struct at { 
 int element; 
 struct at *sljed; 
}; 
typedef struct at atom; 
 
 
Napišite funkciju prototipa: 
void kopirajListu(atom* glava_ulaz, atom** glava_izlaz); 
koja će elemente liste zadane pokazivačem glava_ulaz kopirati u novu listu zadanu pokazivačem glava_izlaz. Zapisi 
u izlaznoj listi moraju biti u istom poretku kao i zapisi u ulaznoj listi. Prilikom kopiranja elemenata u izlaznu listu 
potrebno je rezervirati memoriju za elemente, a ulaznu listu ostaviti nepromijenjenom. 
 
 
 

 
Rješenja: 
1. zadatak (7 bodova) 
#include <stdio.h> 
int provjeriZagrade(char *niz, int *zastavica) { 
 if (*niz == '\0') { 
 return (*zastavica == 0 ? 1 : 0); 
 } 
 else { 
 if (*niz == '[') ++(*zastavica); 
 else --(*zastavica); 
 return provjeriZagrade(niz + 1, zastavica); 
 } 
} 
 
int main() { 
 int zastavica = 0; 
 if (provjeriZagrade(""[[]"", &zastavica) == 1) { 
 printf(""Sve zagrade su uparene""); 
 } 
 else { 
 printf(""Neke zagrade nisu uparene""); 
 } 
} 
 
2. zadatak (7 bodova) 
a) 
O(n2), Ω(n log n) (najbolji slučaj: polje je već uzlazno sortirano; najlošiji slučaj: silazno sort. polje) 
b) 
O(n!), Ω(n!), Θ(n!) 
 
3. zadatak (8 bodova) 
2 
1 
4 
5 
9 
3 
6 
7 
8 
2 
1 
4 
5 
8 
3 
6 
7 
9 
2 
1 
4 
5 
7 
3 
6 
8 
9 
2 
1 
4 
5 
7 
3 
6 
8 
9 
2 
1 
4 
3 
7 
5 
6 
8 
9 
2 
1 
4 
3 
5 
7 
6 
8 
9 
2 
1 
4 
3 
5 
7 
6 
8 
9 
1 
2 
4 
3 
5 
7 
6 
8 
9 
1 
4 
2 
3 
5 
7 
6 
8 
9 
1 
2 
4 
3 
5 
7 
6 
8 
9 
1 
2 
3 
4 
5 
7 
6 
8 
9 
1 
2 
3 
4 
5 
6 
7 
8 
9 
 
 
 

 
 
4. zadatak (8 bodova) 
void kopirajListu(atom* glava_ulaz, atom** glava_izlaz){ 
 
atom *pom; 
 
while (glava_ulaz != NULL){ 
 
 
if (*glava_izlaz == NULL) 
 
 
{ 
 
 
 
*glava_izlaz = malloc(sizeof(atom)); 
 
 
 
(*glava_izlaz)->element = glava_ulaz->element; 
 
 
 
(*glava_izlaz)->sljed = NULL; 
 
 
 
pom = *glava_izlaz; 
 
 
} 
 
 
else{ 
 
 
 
pom->sljed = malloc(sizeof(atom)); 
 
 
 
pom->sljed->element = glava_ulaz->element; 
 
 
 
pom->sljed->sljed = NULL; 
 
 
 
pom = pom->sljed; 
 
 
} 
 
 
glava_ulaz = glava_ulaz->sljed; 
 
} 
} 
 
Alternativno rješenje (korištenje adrese pokazivača sljed): 
 
void kopirajListu2(atom* glava_ulaz, atom** glava_izlaz){ 
 
while (glava_ulaz != NULL){ 
 
 
*glava_izlaz = malloc(sizeof(atom)); 
 
 
(*glava_izlaz)->element = glava_ulaz->element; 
 
 
(*glava_izlaz)->sljed = NULL; 
 
 
glava_ulaz = glava_ulaz->sljed; 
 
 
glava_izlaz = &((*glava_izlaz)->sljed); 
 
} 
} 

 
 
Okrenite stranicu",3,Vezana lista,0.08911625,,,,,,,,,,,0.08571428571428572
MI|2016-04-26|1,MI,2016-04-26,1,"Napišite rekurzivnu funkciju prototipa: 
int PascalovTrokut (int redak, int stupac); 
koja određuje i vraća cijeli broj koji se nalazi u retku redak i stupcu stupac u Pascalovom trokutu. Prikaz Pascalovog 
trokuta u obliku matrice: 
 
0 1 2 3 4 
0 1 
 
 
 
1 1 1 
 
 
2 1 2 1 
 
3 1 3 3 1 
4 1 4 6 4 1 
itd. 
Primjeri: 
 
za poziv PascalovTrokut(0, 0), funkcija treba vratiti 1 
 
za poziv PascalovTrokut(1, 1), funkcija treba vratiti 1 
 
za poziv PascalovTrokut(2, 1), funkcija treba vratiti 2 
 
za poziv PascalovTrokut(4, 2), funkcija treba vratiti 6 (primjer sa slike) 
Napomena: nerekurzivno rješenje se neće priznati.",8,Rekurzija,0.11900395,,,,,,,,,,,0.5789473684210527
MI|2016-04-26|2,MI,2016-04-26,2,"Odredite vrijeme izvođenja u O, Ω i, ako je moguće, Θ notaciji za programski odsječak u a) dijelu zadatka i za funkciju 
rekurzija u b) dijelu zadatka. Ako se vrijeme izvođenja u Θ notaciji ne može odrediti, navedite tako u rješenju. 
Rješenja upišite u tablice pored zadatka. 
 
a) 
/* A je polje n cijelih brojeva */ 
if (n <= 10) { 
 g(n); /* obavlja se u Θ(n) vremenu */ 
} 
else { 
 for (i = n - 1; i > 0; i--) { 
 if (A[i] > A[i - 1]) { 
 g(i); 
 } 
 } 
} 
O 
Ω 
Θ 
b) 
void rekurzija(int n) { 
 int i; 
 if (n == 0) { 
 return; 
 } 
 for (i = 0; i < n; i++) { 
 rekurzija(i); 
 } 
} 
 
O 
Ω 
Θ 
 
6 = 3 + 3",9,Složenost algoritama,0.05722636,,,,,,,,,,,0.5384615384615384
MI|2016-04-26|3,MI,2016-04-26,3,"Za zadani program prikažite sadržaj sistemskog stoga počevši s pozivom funkcije f1 iz glavnog programa (linija 20) te 
sve do neposredno prije izvođenja naredbe return 0; u funkciji f2 (linija 8). Uz svaku stavku napišite broj okteta (byte-
ova) koje stavka zauzima na stogu. 
Sadržaj stoga te broj okteta koje zauzima svaka stavka prikažite u pravokutniku desno od zadanog programa. 
 
1 
#include <stdio.h> 
2 
int f2(int *a, int *b) { 
3 
 if (*a > *b) { 
4 
 --(*a); 
5 
 f2(a, b); 
6 
 } 
7 
 else { 
8 
 return 0; 
9 
 } 
10 } 
11 
12 void f1(int *a, int *b) { 
13 int *c = a, *d = b, t; 
14 printf(""%d %d"", *c, *d); 
15 t = f2(a, b); 
16 } 
17 
18 int main(void) { 
19 int A[] = {4, 3, 2, 1}; 
20 f1(&A[0], &A[1]); 
21 return 0; 
22 } 
 
Sadržaj stoga:",1,Stog,0.12698716,,,,,,,,,,,0.42857142857142855
MI|2016-04-26|4,MI,2016-04-26,4,"Zadano je polje brojeva s elementima: 8, 7, 2, 1, 4, 6, 8, 1. Ilustrirajte uzlazno sortiranje zadanog niza brojeva 
(ispišite polje nakon svake promjene i podcrtajte sve brojeve relevantne za sljedeći korak) algoritmom shellsort uz 
korake k = {4, 3, 1}.",0,Sortiranje,0.05750053,,,,,,,,,,,0.1724137931034483
MI|2016-04-26|5,MI,2016-04-26,5,"Napišite funkciju stvori_matricu koja stvara odredišnu cjelobrojnu matricu veličine n x n temeljem ulaznog polja 
cijelih brojeva veličine n. Svaki redak odredišne matrice jednak je ulaznom polju, uz iznimku da elementi dijagonale 
matrice trebaju biti 0. 
Potrebno je napisati i glavni program koji stvara polje od 4 elementa s vrijednostima {1, 5, 3, 7} te poziva funkciju 
stvori_matricu. Nakon poziva funkcije potrebno je ispisati dobivenu matricu. 
Funkcija treba imati prototip: 
int *stvori_matricu(int *ulaz, int n); 
Primjer rezultata rada funkcije za ulazno polje [1, 5, 3, 7]: 
0 5 3 7 
1 0 3 7 
1 5 0 7 
1 5 3 0 
 

 
Rješenja: 
1. zadatak 
 
int PascalovTrokut(int redak, int stupac) { 
 int clan; 
 if (stupac == 0 || redak == stupac) { 
 clan = 1; 
 } 
 //else if (stupac == 1 || (stupac + 1) == redak) { 
 // clan = redak; 
 //} 
 else { 
 clan = PascalovTrokut(redak - 1, stupac - 1) + 
 PascalovTrokut(redak - 1, stupac); 
 } 
 return clan; 
} 
 
 
2. zadatak 
 
 
a) O(n2), Ω(n) (najbolji slučaj: silazno sortirano polje; najgori slučaj: uzlazno sortirano polje) 
b) O(2n), Ω(2n), Θ(2n) 
 
3. zadatak 
poziv f2 
Povr. adresa f2 
4 
a 
4 
b 
4 
poziv f2 
Povr. adresa f2 
4 
a 
4 
b 
4 
poziv f1 
t 
4 
d 
4 
c 
4 
Povr. adresa f1 
4 
&A[0] 
4 
&A[1] 
4 
 
 
4. zadatak 
hk=4 
8 
7 
2 
1 
4 
6 
8 
1 
 
4 
7 
2 
1 
8 
6 
8 
1 
 
4 
6 
2 
1 
8 
7 
8 
1 
hk=3 
1 
6 
2 
4 
8 
7 
8 
1 
 
1 
6 
2 
4 
8 
7 
8 
8 
 
1 
1 
2 
4 
6 
7 
8 
8 
hk=1 
Nema promjena 
 
 

 
5. zadatak 
int *stvori_matricu(int* ulaz, int n){ 
 
int *rez; 
 
int i; int j; 
 
rez = (int*)malloc((n*n)*sizeof(int)); 
 
for (i = 0; i < n; i++){ 
 
 
for (j = 0; j < n; j++){ 
 
 
 
if (i!=j) 
 
 
 
 
rez[i * n + j] = ulaz[j]; 
 
 
 
else 
 
 
 
 
rez[i * n + j] = 0; 
 
 
} 
 
} 
 
return rez; 
} 
 
int main(){ 
 
int ulaz[] = {1, 5, 3, 7}; 
 
int *rez; 
 
int i; int j; 
 
rez = stvori_matricu(ulaz, 4); 
 
for (i = 0; i < 4; i++){ 
 
 
for (j = 0; j < 4; j++){ 
 
 
 
printf(""%d "", rez[i * 4 + j]); 
 
 
} 
 
 
printf(""\n""); 
 
} 
 
free(rez); 
 
return 0; 
}",3,Vezana lista,0.11420091,,,,,,,,,,,0.7142857142857143
MI|2015-04-21|1,MI,2015-04-21,1,"Svaki zapis datoteke organizirane po načelu raspršenog adresiranja sadrži podatke o jednom studentu i njegovoj 
ocjeni na predmetu Algoritmi i strukture podataka. Zapis je zadan strukturom: 
typedef struct { 
 int sifra; 
 char ime[20 + 1]; 
 char prezime[30 + 1]; 
 int ocjena; 
} student; 
Šifra nula (0) označava prazan zapis. Veličina bloka na disku je 4096 B. Očekuje se najviše 1000 zapisa, a kapacitet 
tablice treba biti 30% veći. Ključ zapisa je sifra, a prilikom upisa primjenjuje se metoda cikličkog preljeva. 
Napišite funkciju koja će sve neprazne zapise iz datoteke kopirati u jednodimenzionalno polje i u pozivajući program 
vratiti pokazivač na prvi element polja te ukupan broj studenata za koje su iskopirani zapisi. Prototip funkcije je: 
student *hashUPolje(char *nazivDatoteke, int *brStudenata); 
Parametar nazivDatoteke sadrži naziv datoteke organizirane po načelu raspršenog adresiranja iz koje je potrebno 
pročitati podatke o studentima.",6,Hash tablica,0.06994436,,,,,,,,,,,0.5294117647058824
MI|2015-04-21|2,MI,2015-04-21,2,"Napisati funkciju split prototipa: 
 
int split(char *recenica, char delimiter, char **rijeci) 
koja putem argumenata prima znakovni niz (recenica) i znak (delimiter) prema kojemu treba razdvojiti zadani niz 
u podnizove, a dobivene podnizove vraća putem trećeg argumenta. Kao povratnu vrijednost funkcija treba vratiti 
broj pronađenih podnizova. 
Argument rijeci je polje pokazivača definirano u pozivajučoj proceduri (main-u), a može se pretpostaviti da je polje 
dovoljno veliko za pohranu pokazivača na sve riječi. Unutar funkcije split potrebno je alocirati za svaku riječ točno 
potrebnu memoriju. Npr. sljedeći jednostavan program poziva funkciju split i ispisuje 3 retka na standardni izlaz: 
int main() { 
 
char *rijeci[MAX_BROJ]; 
 
int i, n; 
 
n = split( ""Ovo je recenica"", ' ', rijeci ); 
 
for( i = 0; i < n; i++ ) { 
 
 
 
 
 
printf( ""%s\n"", rijeci[i] ); 
 
 
 
 
free(rijeci[i]); 
 
 
 
 
 
} 
 
 
 
 
 
 
 
 
return 0; 
 
} 
Očekivani ispis ovog programa je riječ „Ovo“ u prvom retku, zatim „je“ u drugom i „recenica“ u trećem.",3,Vezana lista,0.13532495,,,,,,,,,,,0.8
MI|2015-04-21|3,MI,2015-04-21,3,"Napisati program koji pomoću rekurzivne funkcije nalazi, a u glavnom programu ispisuje najmanji zajednički 
višekratnik i najveći zajednički djelitelj dva prirodna broja. Brojevi se učitavaju putem standardnog ulaza u glavnom 
programu.",8,Rekurzija,0.10921316,,,,,,,,,,,0.2631578947368421
MI|2015-04-21|4,MI,2015-04-21,4,"a) Napisati rekurzivnu funkciju okreni_oduzmi koja ispisuje prvih n članova cjelobrojnog polja, gdje se svaki 
član polja ispisuje umanjen za element na mjestu s indeksom 0. Ispis treba biti u obrnutom redoslijedu, tj. 
prvo treba ispisati element s indeskom n-1. Npr. za polje 
2 6 8 11 -3 100 
uz ispravne argumente (tj. za n=5) ispis prvih 5 članova obrnutim redoslijedom umanjenih za iznos prvog 
(člana s indeksom 0) je: 
-5 9 6 4 0 
b) Nadopuniti funkciju main s ispravnim pozivom 
funkcije okreni_oduzmi:",8,Rekurzija,0.105467394,,,,,,,,,,,0.3157894736842105
MI|2015-04-21|5,MI,2015-04-21,5,"U polje cijelih brojeva pohranjen je sljedeći niz brojeva: 
3, 1, 2, 5, 8, 6, 4, 10, 9, 7 
a) (2 boda) Ilustrirati uzlazno sortiranje algoritmom Bubblesort. 
b) (3 boda) Ilustrirati uzlazno sortiranje algoritmom Quicksort. Stožer za quicksort odabrati metodom 
aproksimacije medijana temeljem prvog, središnjeg i zadnjeg člana. Polja s manje ili točno cutoff = 3 
elementa sortirati Insertion sortom. 
Za oba algoritma navesti korake u sortiranju kod kojih je došlo do zamjene pojedinih članova polja te označiti 
zamjene članova polja. 
 
 
 
int main() { 
 
int A[] = { 2, 6, 8, 11, -3, 100 }; 
 
__________________________________ 
 
return 0; 
} 

Rješenja 
1. (5 bodova) 
#define N 1000 
#define BLOK 4096 
#define C (BLOK / sizeof (student)) 
#define M (int)(N * 1.3 / C) 
 
typedef struct { 
 
int sifra; 
 
char ime[20 + 1]; 
 
char prezime[30 + 1]; 
 
int ocjena; 
} student; 
 
student* hashUPolje(char *nazivHash, int *brStudenata) { 
 FILE *fUlaz; 
 student p, pretinac[C], *ret; 
 int i, j, init = 0; 
 
 *brStudenata = 0; 
 fUlaz = fopen(nazivHash, ""rb""); 
 
 for (i = 0; i < M; i++) { 
 /*Procitaj pretinac*/ 
 fseek(fUlaz, i * BLOK, SEEK_SET); 
 fread(pretinac, sizeof(pretinac), 1, fUlaz); 
 /*Kopiraj sve popunjene zapise*/ 
 for (j = 0; j < C; j++) { 
 p = pretinac[j]; 
 if (p.sifra != 0) { 
 (*brStudenata)++; 
 if (!init) { 
 ret = (student*)malloc(*brStudenata * sizeof(student)); 
 init = 1; 
 } else { 
 ret = (student*)realloc(ret, *brStudenata * sizeof(student)); 
 } 
 ret[*brStudenata - 1] = p; 
 } 
 } 
 } 
 fclose(fUlaz); 
 return ret; 
} 
 
 

 
2. (5 bodova) 
 
#include <stdio.h> 
#include <string.h> 
#include <malloc.h> 
 
 
int split(char *recenica, char delimiter, char **rijeci) { 
 
int i, brojRijeci, zadnjiIndeks, duljina; 
 
duljina = strlen(recenica); 
 
 
 
for (i = 0, brojRijeci = 0, zadnjiIndeks = 0; i < duljina; i++){ 
 
 
if (recenica[i] == delimiter ){ 
 
 
 
 
 
 
rijeci[ brojRijeci ] = ( char * ) malloc( i - zadnjiIndeks + 1 ); 
 
 
 
strncpy(rijeci[brojRijeci], recenica + zadnjiIndeks, i - zadnjiIndeks); 
 
 
 
rijeci[brojRijeci][i - zadnjiIndeks] = '\0'; 
 
 
 
++brojRijeci; 
 
 
 
zadnjiIndeks = i + 1; 
 
 
} 
 
} 
 
rijeci[ brojRijeci ] = ( char * ) malloc( duljina - zadnjiIndeks + 1 ); 
 
strncpy(rijeci[brojRijeci], recenica + zadnjiIndeks, duljina - zadnjiIndeks); 
 
rijeci[brojRijeci][duljina - zadnjiIndeks] = '\0'; 
 
 
return brojRijeci + 1; 
} 
 
 
 

3. (5 bodova) 
#include <stdio.h> 
 
int nadji_nzd(int, int); 
 
int main() { 
 
long x, y, nzd, nzv; 
 
 
printf(""Unesi dva cijela broja\n""); 
 
scanf(""%ld%ld"", &x, &y); 
 
 
nzd = nadji_nzd(x, y); 
 
nzv = (x*y) / nzd; 
 
 
printf(""Najveci zajednicki djelitelj %ld i %ld = %ld\n"", x, y, nzd); 
 
printf(""Najmanji zajednicki visekratnik %ld i %ld = %ld\n"", x, y, nzv); 
 
 
return 0; 
} 
 
int nadji_nzd(int a, int b) { 
 
if (b == 0) { 
 
 
return a; 
 
} 
 
else { 
 
 
return nadji_nzd(b, a % b); 
 
} 
} 
 
 

4. (5 bodova) 
 
#include <stdio.h> 
 
void okreni_oduzmi( int *a, int m, int n ) { 
 
if( m < n ) { 
 
 
okreni_oduzmi( a, m + 1, n ); 
 
} 
 
printf( ""%d "", a[ m ] - a[ 0 ] ); 
} 
 
 
int main() { 
 
int A[] = { 2, 6, 8, 11, -3, 100 }; 
 
okreni_oduzmi( A, 0, 4 ); 
 
return 0; 
} 
 
5. (5 bodova) 
BubbleSort (2B) 
3 1 2 5 8 6 4 10 9 7
1 3 2 5 8 6 4 10 9 7
1 2 3 5 8 6 4 10 9 7
1 2 3 5 6 8 4 10 9 7
1 2 3 5 6 4 8 10 9 7
1 2 3 5 6 4 8 9 10 7
1 2 3 5 6 4 8 9 7 10
1 2 3 5 4 6 8 9 7 10
1 2 3 5 4 6 8 7 9 10
1 2 3 4 5 6 8 7 9 10
1 2 3 4 5 6 7 8 9 10
 
qsort (3B): 
3 1 2 5 8 6 4 10 9 7
početno polje, odabir stožera
3 1 2 5 9 6 4 10 7 8
Nakon sklanjanja stožera (7)
3 1 2 5 4 6 9 10 7 8
nakon zamjene A[i=4] s A[j=6]
3 1 2 5 4 6 9 10 7 8
Mimoilaženje na i=6, j=5
3 1 2 5 4 6 7 10 9 8
Nakon obnove stožera
3 1 2 5 4 6 7 10 9 8
Sortiranje lijeve strane
2 1 4 5 3 6 7 10 9 8
Nakon sklanjanja stožera 3
2 1 4 5 3 6 7 10 9 8
Mimoilaženje na i=2, j=1
2 1 3 5 4 6 7 10 9 8
Nakon obnove stožera
2 1 3 5 4 6 7 10 9 8
Sortiranje lijeve srane
1 2 3 5 4 6 7 10 9 8
Sortiranje desne strane
1 2 3 5 4 6 7 10 9 8
Sortiranje ranije desne strane
1 2 3 5 4 6 7 9 10 8
Insertion sort – 9 ubačen
1 2 3 5 4 6 7 8 9 10 
Insertion sort – 8 ubačen",0,Sortiranje,0.06410239,,,,,,,,,,,0.2413793103448276
MI|2014-04-23|1,MI,2014-04-23,1,"Svaki zapis datoteke podaci.dat organizirane po načelu raspršenog adresiranja sadrži podatke o jednom studentu i 
njegovoj ocjeni na kolegiju Algoritmi i strukture podataka: šifru studenta (znakovni niz duljine 10 znakova), ime 
studenta (duljine do 20 znakova), prezime studenta (duljine do 30 znakova) te ocjenu (int). 
Šifra nula (""0"") označava prazan zapis. Veličina bloka na disku je 4096 B. Očekuje se najviše 10000 zapisa, a kapacitet 
tablice treba biti 15% veći. Prilikom upisa primjenjuje se metoda cikličkog preljeva. Ključ zapisa je sifra, a pretvorba 
ključa u adresu se obavlja već pripremljenom funkcijom prototipa: 
int adresa (char *sifra); 
Napišite program koji će odrediti prosječnu ocjenu svih studenata čiji su zapisi završili u preljevu. Pretpostavite da u 
datoteci nije bilo brisanja (i iskoristite tu pretpostavku u radu s datotekom). Na zaslon je potrebno ispisati podatke za 
sve studente za koje zapisi nisu završili u preljevu, a kojima je ocjena veća ili jednaka prosječnoj ocjeni studenata čiji 
su zapisi završili u preljevu. 
Primjer: Neka je prosječna ocjena 3,64. Student Ivan Novak ima ocjenu 4 i šifru 0036123456, a njegov zapis ne nalazi 
se u preljevu. Funkcija na zaslon mora ispitati njegove podatke u sljedećem formatu (prva linija označava znakovna 
mjesta pri ispisu): 
1234567890123456789012345678901234567890123456789012345678901234567890 
0036123456 Novak Ivan 4",6,Hash tablica,0.071792305,,,,,,,,,,,0.8823529411764706
MI|2014-04-23|2,MI,2014-04-23,2,"Kvazi-binomni koeficijenti K(n,m) su definirani sa 
K(n, m) = K(n-1, m-1) + m ∙ K(n-1, m+1) ; 
K(n, n) = K(n, 0) = 1 . 
Ako je n < 0 ili m > n, onda je K(n, m) = 0. 
Napišite rekurzivnu funkciju kvazi_binomni koja će za bilo koji n i m izračunati vrijednost kvazi-binomnog 
koeficijenta K(n,m).",8,Rekurzija,0.14741114,,,,,,,,,,,0.8421052631578947
MI|2014-04-23|3,MI,2014-04-23,3,"Svaki prirodni broj N ≥ 2 može se napisati u obliku rastava na proste faktore: 
N=p1
n1 ∙ p2
n2 ∙∙∙ pk
nk, 
gdje su pi, i=1,…,k, različiti prosti brojevi (prosti faktori), a eksponenti n1,…,nk su prirodni brojevi. 
Napišite rekurzivnu funkciju najveci_eksponent koja će za zadani broj N odrediti najveći eksponent s kojim se neki 
prosti broj pojavljuje u rastavu broja N na proste faktore (najveći od brojeva ni). Prototip funkcije je: 
int najveci_eksponent (int n, int m); 
pri čemu je m trenutačni djelitelj (pi). Početni poziv funkcije za zadani n je oblika najveci_eksponent(n,2). 
Primjeri: 
Za N = 6, funkcija treba vratiti 1 jer 6 = 21 ∙ 31. 
Za N = 8, funkcija treba vratiti 3 jer 8 = 23. 
Za N = 36, funkcija treba vratiti 2 jer 36 = 22 ∙ 32.",8,Rekurzija,0.12330003,,,,,,,,,,,0.6842105263157895
MI|2014-04-23|4,MI,2014-04-23,4,"Napišite funkciju prototipa 
int trazi_visestruke (int *polje, int brojElemenata) 
koja u zadanom polju pozitivnih cijelih brojeva (vrijednost svakog pojedinog broja je manja od 101) provjerava ima li 
brojeva koji se ponavljaju. Funkcija vraća logičku vrijednost istina (1) ako polje ima ponavljajuće brojeve, odnosno 
logičku vrijednost laž (0) u suprotnom. Dozvoljena složenost tražene funkcije je O(n), gdje je n = 
brojElemenata. 
Napomena: Rješenje složenosti veće od O(n) nositi će značajno manje bodova. 
Naputak: Koristite pomoćno polje za utvrđivanje učestalosti brojeva.",6,Hash tablica,0.11784277,,,,,,,,,,,1.0
MI|2014-04-23|5,MI,2014-04-23,5,"Zadano je polje brojeva s elementima: 91, 7, 8, 20, 5, 18, 4, 9. Ilustrirajte uzlazno sortiranje zadanog niza 
brojeva (ispišite polje nakon svake promjene i potcrtajte sve brojeve relevantne za sljedeći korak) algoritmom 
shellsort uz korake k = 4, 2, 1 
 
 

Rješenja 
1. (7 bodova) 
#include <stdio.h> 
#include <string.h> 
 
#define N 10000 
#define BLOK 4096 
#define C BLOK/sizeof (zapis) 
#define M (int)(N * 1.15/C) 
 
typedef struct { 
 char sifra[10 + 1]; 
 char ime[20 + 1]; 
 char prezime[30 + 1]; 
 int ocjena; 
} zapis; 
 
int adresa(int sifra); 
 
int main() { 
 
 FILE *f = NULL; 
 zapis pretinac[C]; 
 int i, j, sumaOcjena = 0, brStudenata = 0; 
 float prosjecnaOcjena = 0; 
 
 f = fopen(""podaci.dat"", ""rb""); 
 
 /*Dohvat ocjena iz zapisa koji su zavrsili u preljevu*/ 
 for(i = 0; i < M; i++) { 
 fseek(f, i * BLOK, SEEK_SET); 
 fread(pretinac, sizeof(pretinac), 1, f); 
 for(j = 0; j < C; j++) { 
 if(strcmp(pretinac[j].sifra,""0"") == 0) { 
 /*Prazan zapis - prelazimo na sljedeci pretinac*/ 
 break; 
 } 
 if(adresa(pretinac[j].sifra) != i) { 
 /*Preljev*/ 
 brStudenata++; 
 sumaOcjena += pretinac[j].ocjena; 
 } 
 } 
 } 
 
 /*Racunanje prosjecne ocjene*/ 
 prosjecnaOcjena = (float)sumaOcjena / brStudenata; 
 
 /*Na zaslon ispisujemo podatke za studente cija je ocjena >= prosjecnoj ocjeni*/ 
 for(i = 0; i < M; i++) { 
 fseek(f, i * BLOK, SEEK_SET); 
 fread(pretinac, sizeof(pretinac), 1, f); 
 for(j = 0; j < C; j++) { 
 if(strcmp(pretinac[j].sifra,""0"") == 0) { 
 /*Prazan zapis - prelazimo na sljedeci pretinac*/ 
 break; 
 } 
 if(adresa(pretinac[j].sifra) == i && pretinac[j].ocjena >= prosjecnaOcjena) { 
 /*Zapis koji nije preljev*/ 
 printf(""%-11s%-30s%-20s%-9d\n"", 
 pretinac[j].sifra, 
 pretinac[j].prezime, 
 pretinac[j].ime, 
 pretinac[j].ocjena 
 ); 
 } 
 } 
 } 
 
 fclose(f); 
 return 0; 
} 
2. (5 bodova) 
int kvazi_binomni(int n, int m) { 
 
if( ( n < 0 ) || ( m > n ) ) return 0; 
 
if( ( m == 0 ) || ( n == m ) ) return 1; 
 
return kvazi_binomni( n - 1, m - 1 ) 
+ m * kvazi_binomni( n - 1, m + 1 ); 
} 

3. (5 bodova) 
int najveci_eksponent(int n, int m){ 
 
int dalje, eksponent=0; 
 
if (n<m) return 0; /* Osnovni slucaj */ 
 
while(n % m == 0){ /* Koliko puta m dijeli n */ 
 
 
eksponent++; 
 
 
n /= m; 
 
} 
 
dalje= najveci_eksponent (n,m+1); /* Rekurzivno napredovanje */ 
 
 
if (dalje>eksponent) return dalje; /* Veci se vraca pozivajucoj proceduri */ 
 
return eksponent; 
} 
4. (4 boda) 
int trazi_visestruke(int* polje, int brojElemenata) { 
 
int *pomPolje = NULL; 
 
pomPolje = (int *) malloc( 
100 * sizeof(int)); 
 
for (int i = 0; i < 100; i++) { 
 
 
pomPolje[i] = 0; 
 
} 
 
for (int i = 0; i < brojElemenata; ++i){ 
 
 
pomPolje[polje[i] - 1]++; 
 
 
if (pomPolje[polje[i] - 1] > 1) { 
 
 
 
return 1; 
 
 
} 
 
} 
 
free(pomPolje); 
return 0; 
} 
5. (4 boda) 
Korak = 4
91
7
8
20
5
18
4
9
5
7
8
20
91
18
4
9
5
7
8
20
91
18
4
9
5
7
4
20
91
18
8
9
5
7
4
9
91
18
8
20
 
Korak = 2
5
7
4
9
91
18
8
20
4
7
5
9
91
18
8
20
4
7
5
9
91
18
8
20
4
7
5
9
91
18
8
20
4
7
5
9
91
18
8
20
4
7
5
9
8
18
91
20
4
7
5
9
8
18
91
20
 
Korak = 1
4
7
5
9
8
18
91
20
4
7
5
9
8
18
91
20
4
5
7
9
8
18
91
20
4
5
7
9
8
18
91
20
4
5
7
8
9
18
91
20
4
5
7
8
9
18
91
20
4
5
7
8
9
18
91
20
4
5
7
8
9
18
20
91",0,Sortiranje,0.07392168,,,,,,,,,,,0.4482758620689655
MI|2013-04-23|1,MI,2013-04-23,1,"Jedan zapis datoteke organizirane po načelu raspršenog adresiranja sadrži matični broj 
studenta (int), ime i prezime (50+1 znak), godinu studija (int) te trenutni prosjek ocjena 
(float). Prazni se zapis prepoznaje po matičnom broju jednakom nula (0). Veličina bloka 
na disku je 2048 B. Očekuje se najviše 100000 zapisa, a tablica je dimenzionirana za 35% 
veći kapacitet. Prilikom upisa primjenjuje se metoda cikličkog preljeva. Ključ zapisa je 
matični broj, a pretvorba ključa u adresu se obavlja već pripremljenom funkcijom 
int adresa(int matbr); 
Napisati funkciju koja će odrediti u koji je pretinac izvorno (prilikom upisa u datoteku) 
bilo upućeno najviše zapisa i potom vratiti broj zapisa upućenih u taj pretinac, a koji su 
završili u preljevu. Ako ima više takvih pretinaca vratiti rezultat za bilo koji od njih. 
 Funkcija treba imati prototip: 
int fun(FILE *f);",6,Hash tablica,0.07662237,,,,,,,,,,,0.8235294117647058
MI|2013-04-23|2,MI,2013-04-23,2,"Napišite rekurzivnu funkciju prototipa: 
int prebroji_znamenke(int broj, int znamenka); 
koja će odrediti učestalost (broj pojavljivanja) zadane znamenke u zadanom broju. 
 
Napišite glavni program koji od korisnika (putem tipkovnice) prima broj i traženu 
znamenku, poziva funkciju prebroji_znamenke i ispisuje dobiveni rezultat. 
Napomena: Nerekurzivno rješenje neće se priznavati.",8,Rekurzija,0.11557498,,,,,,,,,,,0.42105263157894735
MI|2013-04-23|3,MI,2013-04-23,3,"Neka je zadano polje a koje se sastoji od n cijelih brojeva. Napišite rekurzivnu funkciju 
maxRekurzivno prototipa: 
 
int maxRekurzivno(int a[],int n, int *brojPojavljivanja) 
 
 koja će pronaći najveći element u polju a te njegovu učestalost (koliko puta se taj element 
pojavljuje u a). 
Napomena: Nerekurzivno rješenje neće se priznavati.",8,Rekurzija,0.10616405,,,,,,,,,,,0.10526315789473684
MI|2013-04-23|4,MI,2013-04-23,4,"a) (4 boda) Napišite funkciju prototipa 
int trazi_element(int* polje, int brojElemenata, int element) 
koja u zadanom polju cijelih brojeva binarnim pretraživanjem traži određeni 
element. Funkcija vraća 1 ako polje sadrži traženi element, odnosno -1 u 
suprotnom. Na raspolaganju je i pomoćna funkcija prototipa: 
void sortiraj_polje(int* polje, int brojElemenata); 
koja silazno sortira zadano polje. 
U glavnom programu dinamički alocirajte polje cijelih brojeva i omogućite unos 
elemenata polja sve dok korisnik ne unese -1. Nakon toga od korisnika zatražite 
unos traženog elementa te provjerite i na konzolu ispišite je li uneseni element u 
prethodno dinamički stvorenom polju cijelih brojeva. Za provjeru pripadnosti 
elementa polju koristite svoju funkciju trazi_element. 
b) 
(1 bod) Kolika je apriorna složenost cijelog postupka pod pretpostavkom da 
funkcija sortiraj_polje primjenjuje merge sort algoritam?",0,Sortiranje,0.10409106,,,,,,,,,,,0.6206896551724138
MI|2013-04-23|5,MI,2013-04-23,5,"Neka je definiran tip podatka: 
typedef struct{ 
int prvi; 
int drugi; 
} podatak; 
Zadano je polje tipa podatak s elementima: 
 
 
Ilustrirajte uzlazno sortiranje zadanog polja po varijabli (atributu) prvi (ispišite polje 
nakon svake promjene i označite sve elemente važne za sljedeći korak): 
a) (2 boda) algoritmom mergesort i 
b) (3 boda) algoritmom quicksort. Stožer za quicksort birajte metodom 
aproksimacije medijana temeljem prvog, srednjeg i zadnjeg člana. 
Napomena: Varijabla drugi se u ovom zadatku nikad ne koristi kao kriterij sortiranja. 
5 
0
8 
4 
4 
7 
9 
6 
2 
1 
3 
1 
9 
5 
2 
4 
3 
4 
7 
3 

 
Rješenja 
1. 
#define N 100000 
#define BLOK 2048 
#define C BLOK/sizeof (zapis) 
#define M (int)(N*1.35/C) 
 
typedef struct z { 
 
int matbr; 
 
char ipr[50+1]; 
 
int godina; 
 
float prosjek; 
} zapis; 
 
int fun(FILE *f){ 
zapis pretinac[C]; 
int i, j, zeljeni_pretinac; 
int max_pretinac = 0, max_vrijednost = 0; 
int broj_zapisa_za_pretinac[M] = {0}; 
int broj_preljeva_za_pretinac[M] = {0}; 
for (i = 0; i < M; i++) { 
fseek (f, i*BLOK, SEEK_SET); 
fread (pretinac, sizeof (pretinac), 1, f); 
for (j = 0; j < C; j++) { 
if (pretinac[j].sifra != 0) { //provjera je li zapis „pun“ 
 
zeljeni_pretinac = adresa(pretinac[j].sifra); 
broj_zapisa_za_pretinac[zeljeni_pretinac]++; 
if (zeljeni_pretinac != i) { 
 
broj_preljeva_za_pretinac[zeljeni_pretinac]++; 
} 
} 
else 
break; //nakon prvog praznog u pretincu, svi su 
//ostali prazni 
} 
} 
for (i = 0; i < M; i++) { 
 
if (broj_zapisa_za_pretinac[i] > max_vrijednost) { 
 
 
max_pretinac = i; 
 
 
max_vrijednost = broj_zapisa_za_pretinac[i]; 
} 
} 
return broj_preljeva_za_pretinac[max_pretinac]; 
} 
Najčešde greške (redoslijed po učestalosti): 
 Nepreskakanje u sljededi pretinac 
nakon nailaska na prvog praznog u 
tekudem 
 Tretiranje praznog zapisa kao punog 
 Krivo shvadanje zadatka; brojanje 
zapisa i preljeva u svakom pretincu 
zasebno i vradanje pretinca s najviše 
pripadajudih zapisa u njemu 
(ili varijacije na temu) 

 
2. 
int prebroji_znamenke(int broj, int znamenka) 
{ 
 //Negativni broj pretvori u pozitivan 
 if (broj < 0) broj *= -1; 
 
 //Sve znamenke do zadnje 
 if (broj > 10) 
 { 
 if (broj % 10 == znamenka) return 1 + prebroji_znamenke(broj/10, znamenka); 
 else return prebroji_znamenke(broj/10, znamenka); 
 } 
 
 //Zadnja znamenka – uvjet završetka – funkcionira i za ulaz (0,0) 
 else 
 { 
 if (broj == znamenka) return 1; 
 else return 0; 
 } 
} 
 
 
int main(int argc, char *argv[]) 
{ 
 int broj, znamenka; 
 
 printf(""\nUnesite broj: ""); 
 scanf(""%d"", &broj); 
 
 printf(""\nUnesite znamenku: ""); 
 scanf(""%d"", &znamenka); 
 
 printf(""\nZnamenka %d pojavljuje se %d puta u broju %d."", znamenka, 
 prebroji_znamenke(broj, znamenka), broj); 
 
 
 return 0; 
} 
 
Najčešde greške (redoslijed po učestalosti): 
 Ne uzimanje u obzir negativnih 
brojeva 
 Loš uvjet terminiranja koji ne 
provjerava za slučaj ulaza (0,0) 
 Krivi rekurzivni poziv 
 Neprihvadanje i neobrađivanje 
vradene vrijednosti iz rekurzivnog 
poziva 

 
3. 
int maxRekurzivno(int a[],int n, int *brojPojavljivanja) 
{ 
 
int kandidat; 
 
if (n==1){ 
 
 
*brojPojavljivanja=1; 
 
 
return a[0]; 
 
} 
 
kandidat=maxRekurzivno(a,n-1, brojPojavljivanja); 
 
if (kandidat>a[n-1]){ 
 
 
return kandidat; 
 
} 
 
else if(kandidat==a[n-1]){ 
 
 
(*brojPojavljivanja)++; 
 
 
return kandidat; 
 
} 
 
else{ 
 
 
*brojPojavljivanja=1; 
 
 
return a[n-1]; 
 
} 
} 
Najčešde greške (redoslijed po učestalosti): 
 Loš uvjet terminiranja koji vrada 0 što 
u slučaju polja koji sadrži samo 
negativne brojeve daje krivo rješenje 
 Krivi rad s pokazivačima 
 Neprihvadanje i neobrađivanje 
povratne vrijednosti rekurzivnog 
poziva 
 Nepostavljanje brojača 
*brojPojavljivanja na 1 u slučaju 
da smo naišli na vedi broj od 
dosadašnjeg maksimuma 
 Rekurzivni poziv izveden na način koji 
nije sintaksno točan u C-u (?!) 
o Nedostaje ime funkcije, 
navedene samo zagrade s 
parametrima 
 Mijenjanje sadržaja ulaznog polja 
 Pisanje nedohvatljivog koda (npr. iza 
return naredbe) 

 
4. a) 
#include <stdio.h> 
#include <stdlib.h> 
#include <malloc.h> 
 
 
int trazi_element(int* polje, int brojElemenata, int element) 
{ 
 // granice podpolja koje se pretrazuje 
 int donji, srednji, gornji; 
 
 //sortiranje polja 
 sortiraj_polje(polje, brojElemenata); 
 
 // inicijalizacija 
 donji = 0; gornji = brojElemenata - 1; 
 
 while (donji <= gornji) { 
 
 // ""prepolovi"" (pod)polje 
 srednji = (donji + gornji) / 2; 
 
 if (element < polje[srednji]) 
 donji = srednji + 1; 
 // trazeni element u desnom dijelu 
 
 
 
 else if (element > polje[srednji]) 
 gornji = srednji - 1; 
 
 
 // trazeni element u lijevom dijelu 
 
 else 
 return 1; 
// element pronadjen 
 } 
 return -1; // element nije pronadjen 
} 
 
int main(int argc, char *argv[]) 
{ 
 int *polje = NULL; 
 int brojElemenata = 0, element; 
 
 while(1) { 
 printf(""\nUnesite %d.element polja: "", brojElemenata+1); 
 scanf(""%d"", &element); 
 
 if (element != -1) 
 { 
 polje = (int *) realloc(polje, (++brojElemenata) * sizeof(int)); 
 polje[brojElemenata-1] = element; 
 } 
 else break; 
 } 
 
 printf(""Unesite elemente koji trazite u polju: ""); 
 scanf(""%d"", &element); 
 
 if (trazi_element(polje, brojElemenata, element) == 1) 
 { 
 printf(""Zadani element se nalazi u polju.""); 
 } 
 else 
 { 
 printf(""Zadani element se ne nalazi u polju.""); 
 } 
 return 0; 
} 
Postoji više mogućih realizacija funkcije 
trazi_element koje se mogu dosta razlikovati u 
izgledu koda. Studenti su češće pisali 
rekurzivnu inačicu funkcije trazi_element što je, 
naravno, posve prihvatljivo. 
 
Najčešde greške (redoslijed po učestalosti): 
 Nema obrazloženja u b) dijelu zadatka 
 Loše riješen unos polja 
o Korišten malloc umjesto realloc 
u petlji(ne čuvaju se stari 
podatci) 
o Korištenje polja fiksne veličine 
alociranog na stogu 
 Poziv funkcije sortiraj_polje na način 
koji nije sintaksno točan u C-u (?!) 
 Krivi odabir dijela polja za sljededu 
iteraciju 
 Nepoznavanje binarnog pretraživanja - 
korištenje slijednog pretraživanja 
 Mijenjanje sadržaja ulaznog polja u 
trazi_element 

b) 
Složenost merge sort algoritma: O(n*logn) 
Složenost binarnog pretraživanja: O(log2n) 
Složenost unosa polja: O(n) (nenavođenje ove komponente u obrazloženju se toleriralo zbog 
nejednoznačnosti teksta podzadatka b) 
Budući da se u okviru svakog poziva funkcije trazi_element polje najprije sortira merge sort 
algoritmom (pozivom funkcije sortiraj_polje), ukupna složenost je: O(n*log n) + O(log2n), tj. 
O(n*log n) 

 
5. Mergesort – uzlazno. Više je mogudih, točnih, rješenja - ovisno o izborima. Ovdje je dano 
rješenje za konzistentno vedu lijevu podparticija u slučaju dijeljenja particije neparne veličine, 
te u slučaju jednakosti ključeva uzimanje elementa iz lijeve particije(ovaj zadnji izbor osigurava 
stabilnost algoritma). Zadatak za mergesort je mogude riješiti i sortiranjem samo niza 
vrijednosti u varijabli prvi i nadopunjavanje dobivenog niza na kraju dodajudi adekvatno 
poredane vrijednosti variabli drugi koristedi svojstvo stabilnosti mergesorta(za quicksort u 
sljededem zadatku to ne možete). 
 
 
 
 
 
 
 
 
 
 
 
 
 
 
 
 
 
 
 
 
 
 
5 
0
8 
4 
4 
7 
9 
6 
2 
1 
3 
1 
9 
5 
2 
4 
3 
4 
7 
3 
5 
0
8 
4 
4 
7 
9 
6 
2 
1 
3 
1 
9 
5 
7 
3 
2 
4 
3 
4 
5 
0
8 
4 
4 
7 
9 
6 
2 
1 
9 
5 
3 
1 
7 
3 
2 
4 
3 
4 
5 
0
8 
4 
4 
7 
9 
6 
2 
1 
9 
5 
7 
3 
3 
1 
2 
4 
3 
4 
5 
0
8 
4 
9 
6 
4 
7 
2 
1 
9 
5 
7 
3 
3 
1 
2 
4 
3 
4 
8 
4
5 
0 
9 
6 
4 
7 
2 
1 
9 
5 
7 
3 
3 
1 
2 
4 
3 
4 
9 
6
8 
4 
5 
0 
4 
7 
2 
1 
9 
5 
7 
3 
3 
1 
2 
4 
3 
4 
9 
6
9 
5 
8 
4 
7 
3 
5 
0 
4 
7 
3 
1 
3 
4 
2 
4 
2 
1 
Najčešde greške (redoslijed po 
učestalosti): 
 Sortiranje samo niza 
vrijednosti u varijabli 
prvi bez ikad navođenja 
pripadnih vrijednosti 
drugi; u zadatku je dano 
polje tipa podatak koji je 
strukturni tip i varijable 
prvi i drugi su 
nerazdvojive, sortiranje 
smije mijenjati samo 
redoslijed, ali ne i 
originalne podatke 
članova polja. Uz to, 
vrijednosti varijable 
drugi su važne i ne 
mogu se ignorirati jer 
nam omoguduju da 
razlikujemo podatke s 
identičnim vrijednostima 
varijable prvi. 
 Nekonzistetnost u 
izvođenju algoritma 
(pogotovo u pogledu 
korištenih izbora) 
 Sortiranje samo niza 
vrijednosti varijable prvi 
te na kraju, u zadnjem 
dijelu rješenja adekvatno 
poredane vrijednosti 
varijable drugi, ali nije se 
navelo da se pritom 
koristi svojstvo stabilnosti 
mergesorta 

Quicksort – uzlazno. Više je mogudih, točnih, rješenja - ovisno o izborima. Ovdje je dano 
rješenje za konzistentno biranje stožera lijevo u slučaju nepostojanja jedinstvenog srednjeg 
indeksa i prebacivanje jednakih elemenata u lijevu particiju. Također je napravljen izbor kod 
insertion sorta, korištenog za sortiranje particija s manje od 3 elementa, da redoslijed 
elemenata s istim ključevima sortiranja(prvi) ostaje isti. 
 
 
 
 
 
 
 
 
 
 
 
 
 
 
 
 
 
 
 
 
 
 
 
 
5 
0
8 
4 
4 
7 
9 
6 
2 
1 
3 
1 
9 
5 
2 
4 
3 
4 
7 
3 
5 
0
8 
4 
4 
7 
9 
6 
2 
1 
3 
1 
9 
5 
2 
4 
3
4 
7 
3 
5 
0
3 
1 
4 
7 
9 
6 
2 
1 
8 
4 
9 
5 
2 
4 
3 
4 
7 
3 
5 
0
3 
1 
4 
7 
9 
6 
7 
3 
8 
4 
9 
5 
2 
4 
3 
4 
2 
1 
5 
0
9 
5 
4 
7 
9 
6 
7 
3 
8 
4 
3 
1 
2 
4 
3 
4 
2 
1 
5 
0
9 
5 
4 
7 
9 
6 
7 
3 
8 
4 
3 
1 
3 
4 
2 
1 
2 
4 
9 
6
9 
5 
4 
7 
8 
4 
7 
3 
5 
0 
3 
1 
3 
4 
2 
1 
2 
4 
9 
6
8 
4 
4 
7 
9 
5 
7 
3 
5 
0 
3 
1 
3 
4 
2 
1 
2 
4 
Najčešde greške (redoslijed po 
učestalosti): 
 Sortiranje samo niza 
vrijednosti u varijabli 
prvi bez ikad navođenja 
pripadnih vrijednosti 
drugi; u zadatku je dano 
polje tipa podatak koji je 
strukturni tip i varijable 
prvi i drugi su 
nerazdvojive, sortiranje 
smije mijenjati samo 
redoslijed, ali ne i 
originalne podatke 
članova polja. Uz to, 
vrijednosti varijable 
drugi su važne i ne 
mogu se ignorirati jer 
nam omoguduju da 
razlikujemo podatke s 
identičnim vrijednostima 
varijable prvi. 
 Nekonzistetnost u 
izvođenju algoritma 
(pogotovo u pogledu 
korištenih izbora) 
 Preskakanje koraka 
 Krivo izvedeno rukovanje 
stožerom 
o Uopde nema 
skrivanja stožera 
o Kod skrivanja i 
vradanja stožera 
svi se elementi 
između pomiču 
lijevo ili desno, 
umjesto samo 
zamjene stožera s 
nekim drugim 
elementom 
 Krivo preslagivanje 
elemenata u particije 

 
 
 
 
 
 
 
 
 
 
 
 
9 
6
8 
4 
9 
5 
4 
7 
7 
3 
5 
0 
3 
1 
3 
4 
2 
1 
2 
4 
9 
6
9 
5 
8 
4 
4 
7 
7 
3 
5 
0 
3 
1 
3 
4 
2 
1 
2 
4 
9 
6
9 
5 
8 
4 
7 
3 
5 
0 
4 
7 
3 
1 
3 
4 
2 
1 
2 
4",0,Sortiranje,0.08706148,,,,,,,,,,,0.5517241379310345
MI|2012-04-25|1,MI,2012-04-25,1,"Zadana je tablica raspršenog adresiranja s 8472 zapisa pohranjena u datoteci 
""podaci.dat"" koja sadrži zapise definirane strukturom 
typedef struct { 
 
int sifra; 
 
//šifra studenta 
 
char prezimeIme[70+1]; //Prezime i ime studenta 
 
int logickiObrisan; 
//Je li zapis logički obrisan 
} zapis; 
Zapis je prazan ako je sifra = 0. Zapis je logički obrisan ako je logickiObrisan = 1. 
Preljevi su realizirani ciklički, upisom u prvi sljedeći slobodni pretinac. Pretinci su 
usklađeni s veličinom bloka od 512 okteta. Hash-tablica predimenzionirana je za 30%. 
Neka je ključ šifra studenta. Transformacija ključa u adresu obavlja se zadanom 
funkcijom int adresa (int sifra). Napišite pretprocesorske direktive #define 
kojima se određuju parametri raspršenog adresiranja. 
a) Napišite funkciju za logičko brisanje zapisa. Funkcija vraća 1 ako je pronašla i 
obrisala zapis a 0 inače. Funkcija ima prototip: 
 
int brisi(int sifra, FILE *f) 
b) Napišite funkciju za dodavanje zapisa koja će zapis upisati na mjesto prvog 
praznog zapisa ili logički obrisanog zapisa u pretincu. Funkcija vraća 1 ako je 
uspješno dodala zapis a 0 inače. Funkcija ima prototip: 
 
int upisi(int sifra, zapis novi, FILE *f)",6,Hash tablica,0.07285104,,,,,,,,,,,0.0
MI|2012-04-25|2,MI,2012-04-25,2,"a) Napišite rekurzivnu funkciju koja će tehnikom raspolavljanja izračunati i vratiti 
sumu članova polja. 
b) Napišite glavni program u kojem ćete učitati elemente polja s tipkovnice. Broj 
elemenata polja nije unaprijed poznat, a učitavanje se prekida kada se učita broj 
0. Za pohranu elemenata potrebno je koristiti dinamički alocirano polje, a 
elementi se smiju učitati samo jednom. 
Napomena: Nerekurzivno rješenje neće se priznavati.",8,Rekurzija,0.10139438,,,,,,,,,,,0.15789473684210525
MI|2012-04-25|3,MI,2012-04-25,3,"a) Napišite bilo kakvu funkciju vremenske složenosti O(2n). n neka bude neki 
cjelobrojni ulazni argument. 
b) Kolika je vremenska složenost izračunavanja faktorijela nekog broja n u O 
notaciji? 
c) Kolika je vremenska složenost pronalaska svih permutacija nekog niza u O 
notaciji (u ovisnosti o n, duljini niza )?",9,Složenost algoritama,0.11324884,,,,,,,,,,,0.6153846153846154
MI|2012-04-25|4,MI,2012-04-25,4,"a) Napišite matematičku definiciju algoritma quicksort u 4 koraka (quicksort(S)) 
b) Napišite rekurzivnu funkciju prototipa: 
int qsort(int* niz, int lijevo, int desno); 
koja će sortirati ulazni niz quicksort metodom. Na raspolaganju sljedeće funkcije: 
int medijan(int* niz, int lijevo, int desno); 
Funkcija kao argumente prima niz te indekse krajnjeg lijevog i krajnjeg desnog 
elementa podniza unutar kojega se traži stožerni element. Funkcija vraća indeks 
stožernog elementa (medijana). 
int preslozi(int* niz, int stozerInd, int lijevo, int desno); 
Funkcija kao argumente prima niz, indeks stožera te indekse krajnjeg lijevog i 
krajnjeg desnog elementa podniza unutar kojega se radi preslagivanje. Funkcija 
vraća indeks novog stožera.",0,Sortiranje,0.13197592,,,,,,,,,,,0.8620689655172413
MI|2012-04-25|5,MI,2012-04-25,5,"Zadano je polje brojeva s elementima: 9, 6, 7, 2, 1, 8, 4, 5, 0, 3. Ilustrirajte uzlazno 
sortiranje zadanog niza brojeva (ispišite polje nakon svake promjene i označite sve 
brojeve relevantne za sljedeći korak) algoritmom mergesort i algoritmom shellsort za 
niz koraka {4,3,1}. 

Rješenja 
1. zadatak 
#define BLOK 512L 
 
 
 
 
 
 
#define N 8472 
 
 
#define C ((int) (BLOK / sizeof (zapis))) 
#define M ((int) (N / C *1.3)) 
 
 
 
typedef struct { 
 
int sifra; 
 
char prezimeIme[70+1]; 
 
int logickiObrisan; 
} zapis; 
 
int brisi(int sifra, FILE *f){ 
 
zapis pretinac [C]; 
 
int i = 0, poc = 0; 
 
int adr = adresa(sifra); 
 
poc = adr; 
 
do{ 
 
 
//Procitaj pretinac odredjen sa adresom 
 
 
fseek(f, adr * BLOK, SEEK_SET); 
 
 
fread (pretinac, sizeof (pretinac), 1, f); 
 
 
//Provjeri zapise u pretincu 
 
 
for(i=0; i<C; i++){ 
 
 
 
if(pretinac[i].sifra == sifra){ 
 
 
 
 
pretinac[i].logickiObrisan = 1; 
 
 
 
 
//Upis 
 
 
 
 
fseek(f, -1 * BLOK, SEEK_CUR); 
 
 
 
 
fwrite (pretinac, sizeof (pretinac), 1, f); 
 
 
 
 
return 1; 
 
 
 
} 
 
 
} 
 
 
//Pretinac je pun, prijeđi ciklički na sljedećega 
 
 
adr = (adr + 1) % M; 
 
} while(adr != poc); 
 
return 0; 
} 
 
int upisi(int sifra, zapis novi, FILE *f){ 
 
zapis pretinac [C]; 
 
int i = 0, poc = 0; 
 
int adr = adresa(sifra); 
 
poc = adr; 
 
do{ 
 
 
//Procitaj pretinac odredjen sa adresom 
 
 
fseek(f, adr * BLOK, SEEK_SET); 
 
 
fread (pretinac, sizeof (pretinac), 1, f); 
 
 
for(i=0; i<C; i++){ 
 
 
 
if(pretinac[i].sifra == 0 || 
 
 
 
 
pretinac[i].logickiObrisan == 1){ 
 
 
 
 
//Zapis je prazan ili je logicki obrisan 
 
 
 
 
pretinac[i] = novi; 
 
 
 
 
//Upis 
 
 
 
 
fseek(f, -1 * BLOK, SEEK_CUR); 
 
 
 
 
fwrite (pretinac, sizeof (pretinac), 1, f); 
 
 
 
 
return 1; 
 
 
 
} 
 
 
} 

 
 
//Pretinac je pun, prijeđi ciklički na sljedećega 
 
 
adr = (adr + 1) % M; 
 
} while(adr != poc); 
 
return 0; 
} 
 
 
 
2. zadatak 
int suma(int a[], int lijevo, int desno) { 
 
int sred = 0; 
 
if(lijevo > desno) { 
 
 
return 0; 
 
} else if(lijevo == desno){ 
 
 
return a[lijevo]; 
 
} else { 
 
 
sred = ((desno - lijevo) / 2) + lijevo; 
 
 
return a[sred] + suma(a,lijevo,sred-1) + suma(a,sred+1,desno); 
 
} 
} 
 
ili 
 
int suma (int a[], int duljina){ 
 if (duljina == 0) { 
 
return 0; 
 } 
 if (duljina == 1) { 
 
return a[0]; 
 } 
 return suma (a, duljina/2) + suma (a+duljina/2, duljina-duljina/2); 
} 
 
int main(){ 
 
int *polje = NULL, element, cnt = 0, s = 0; 
 
 
do { 
 
 
printf(""Unesite %d. element: "", cnt + 1); 
 
 
scanf(""%d"", &element); 
 
 
if(element != 0){ 
 
 
 
polje = (int*)realloc(polje, sizeof(int) * (cnt + 1)); 
 
 
 
polje[cnt] = element; 
 
 
 
cnt++; 
 
 
} 
 
} while(element != 0); 
 
 
s = suma(polje, 0, cnt - 1); 
 
printf(""Suma clanova polja je %d"", s); 
 
return 0; 
} 
 
 
 
 

3. zadatak 
a) Npr. 
 
#include <math.h> 
 
void func(int n){ 
 
 
int pon=pow(2,n) 
 
 
for (i=0;i<pon;i++); 
 
} 
 
Česta valjana alternativna rješenja 
int func(int n){ 
 
return func(n-1)+ func(n-1); 
} 
 
int func(int n){ //fibonnaci 
 
return func(n-1)+ func(n-2); 
} 
 
b) O(n) 
c) O(n!) 
 
4. zadatak 
a) Slajdovi s predavanja: 
4 koraka – quicksort (S) 
 ako je broj članova polja S jednak 0 ili 1, povratak u pozivni program 
 odabrati bilo koji član v u polju S. To je stožer (pivot) 
 podijeli preostale članove polja S, S \ {v} u dva odvojena skupa: 
o S1 = { x  S \ {v}  x  v} (sve što je manje od stožera, preseli lijevo) 
o S2 = { x  S \ {v}  x  v} (sve što je veće od stožera, preseli desno) 
 vrati niz sastavljen od {quicksort (S1), v, quicksort (S2)} 
 
b) Rekurzivna funkcija 
void qsort(int* niz, int lijevo, int desno){ 
 int stozerInd; 
 if(lijevo >= desno) 
 return; 
 stozerInd = medijan(niz, lijevo, desno); 
 stozerInd = preslozi(niz, stozerInd, lijevo, desno); 
 qsort(niz, lijevo, stozerInd - 1); 
 qsort(niz, stozerInd + 1, desno); 
} 
 
 

5. zadatak 
1. MergeSort 
(u slučaju uvijek veće ili jednake lijeve polovice) 
9, 6, 7, 2, 1, 8, 4, 5, 0, 3 
6, 9, 7, 2, 1, 8, 4, 5, 0, 3 
6, 7, 9, 2, 1, 8, 4, 5, 0, 3 
6, 7, 9, 1, 2, 8, 4, 5, 0, 3 
1, 2, 6, 7, 9, 8, 4, 5, 0, 3 
1, 2, 6, 7, 9, 4, 8, 5, 0, 3 
1, 2, 6, 7, 9, 4, 5, 8, 0, 3 
1, 2, 6, 7, 9, 0, 3, 4, 5, 8 
0, 1, 2, 3, 4, 5, 6, 7, 8, 9 
 
(u slučaju uvijek veće ili jednake desne polovice) 
9, 6, 7, 2, 1, 8, 4, 5, 0, 3 
6, 9, 7, 2, 1, 8, 4, 5, 0, 3 
6, 9, 7, 1, 2, 8, 4, 5, 0, 3 
6, 9, 1, 2, 7, 8, 4, 5, 0, 3 
1, 2, 6, 7, 9, 8, 4, 5, 0, 3 
1, 2, 6, 7, 9, 4, 8, 5, 0, 3 
1, 2, 6, 7, 9, 4, 8, 0, 3, 5 
1, 2, 6, 7, 9, 0, 3, 4, 5, 8 
0, 1, 2, 3, 4, 5, 6, 7, 8, 9 
 
2. Shell sort {4,3,1} 
9, 6, 7, 2, 1, 8, 4, 5, 0, 3 
1, 6, 7, 2, 9, 8, 4, 5, 0, 3 
t=4 
1, 6, 4, 2, 9, 8, 7, 5, 0, 3 
0, 6, 4, 2, 1, 8, 7, 5, 9, 3 
0, 3, 4, 2, 1, 6, 7, 5, 9, 8 
0, 1, 4, 2, 3, 6, 7, 5, 9, 8 
t=3 
0, 1, 2, 4, 3, 6, 7, 5, 9, 8 
t=1 
0, 1, 2, 3, 4, 6, 7, 5, 9, 8 
0, 1, 2, 3, 4, 5, 6, 7, 9, 8 
0, 1, 2, 3, 4, 5, 6, 7, 8, 9 
 

1. međuispit iz predmeta",0,Sortiranje,0.065131545,,,,,,,,,,,0.41379310344827586
MI|2011-03-21|1,MI,2011-03-21,1,"Napišite glavni program koji dinamički alocira matricu mat i puni je pseudoslučajnim cijelim 
brojevima te funkciju izbaci_redak koja briše zadani redak matrice. 
U glavnom programu učitajte broj redaka brred, broj stupaca matrice brstup te donju i 
gornju granicu intervala iz kojeg se generiraju preudoslučajni cijeli brojevi matrice. Nakon 
učitavanja navedenih parametara zauzmite potrebnu memoriju te matricu napunite 
pseudoslučajnim brojevima iz zadanog intervala. 
Zatim od korisnika zatražite unos indeksa retka matrice koji treba obrisati (iret). Redak 
obrišite u funkciji izbaci_redak tako da se oslobodi memorija koju on zauzima te da 
ostatak matrice ostane očuvan. Prototip funkcije je: 
int *izbaci_redak(int *mat, int brred, int brstup, int iret); 
Na kraju u glavnom programu ispišite matricu koja nastaje izbacivanjem zadanog retka. 
 
#include <stdio.h> 
#include <stdlib.h> 
 
int *izbaci_redak(int * m, int brred, int brstup, int iret){ 
 
int i, j; 
 
for (i=iret+1; i<brred-1; i++) 
 
 
for (j=0; j<brstup; j++) 
 
 
 
*(m +(i-1)* brstup +j)= *(m +(i)* brstup +j); 
 
m=(int *)realloc (m,( brred -1)* brstup *sizeof(int)); 
 
return m; 
} 
 
int main(){ 
 
int *mat, i, j, iret; 
 
int red, stup; 
 
int DG, GG; 
 
 
printf(""Unesite broj redaka i broj stupaca te donju i gornju granicu intervala za 
slucajne brojeve: ""); 
 
scanf(""%d %d %d %d"", &red, &stup, &DG, &GG); 
 
 
 
mat=(int *) malloc(red*stup*sizeof(int)); 
 
 
 
srand((unsigned)time(NULL)); 
 
for (i=0; i<brred; i++) 
 
 
for (j=0; j<brstup; j++) 
 
 
 
m[i*maxstup+j]=rand()%(GG-DG +1) + DG; 
 
 
do{ 
 
 
printf(""Unesite indeks retka koji zelite izbaciti: ""); 
 
 
scanf(""%d"", &iret); 
 
}while(iret<0 || iret>red); 
 
 
mat=izbaci_redak(mat, red, stup, iret); 
 
 
 
 
for (i=0; i<red-1; i++){ 
 
 
for (j=0; j<stup; j++) 
 
 
 
printf(""%5d"", *(mat+i*stup+j)); 

 
 
printf(""\n""); 
 
} 
 
free(mat); 
 
return 0; 
}",3,Vezana lista,0.123017475,,,,,,,,,,,0.42857142857142855
MI|2011-03-21|2,MI,2011-03-21,2,"Zadana je tablica raspršenog adresiranja s 8472 zapisa pohranjena u datoteci ""podaci.dat"" 
koja sadrži zapise s podacima o šifri studenta, prosjeku i broju položenih ispita (sami 
odaberite odgovarajuće tipove podataka!). 
Preljevi su realizirani ciklički, upisom u prvi sljedeći slobodni pretinac. Pretinci su usklađeni 
s veličinom bloka od 512 okteta. Hash‐tablica predimenzionirana je za 30%. Neka je ključ 
šifra studenta. Transformacija ključa u adresu obavlja se zadanom funkcijom: 
int adresa (int sifra); 
Napišite pretprocesorske direktive #define kojima se određuju parametri raspršenog 
adresiranja. 
Napišite i funkciju brojPreljeva koja za zadani redni broj pretinca vraća ukupan broj 
popunjenih zapisa u zadanom pretincu i broj preljeva upisanih u zadani pretinac. 
U glavnom programu koristeći funkciju brojPreljeva za svaki pretinac ispišite redni broj 
pretinca, ukupan broj upisanih zapisa u tom pretincu i broj preljeva u tom pretincu. 
#define BLOK 512L 
 
// Blok na disku 
#define N 8472 
 
// Ocekivani broj zapisa: 
#define C ((int) (BLOK / sizeof (struct zapis))) 
// Broj zapisa u pretincu 
#define M ((int) (N / C * 1.3)) // Broj pretinaca, kapacitet 30% veci od minimalnog: 
 
struct zapis{ 
 int sifra; 
 float prosjek; 
 int brojpolozenih; 
}; 
 
void brojPreljeva (FILE *fh, int rbrPret, int *ukbroj, int * brPreljev) { 
 struct zapis pretinac [C]; 
 int j; 
 *ukbroj=0; 
 *brPreljev=0; 
 fseek (fh, rbrPret *BLOK, SEEK_SET); 
 fread (pretinac, sizeof (pretinac), 1, fh); 
 for (j = 0; j < C; j++) { 
 if (pretinac[j].sifra != 0) { 
 if (rbrPret != adresa(pretinac[j].sifra)) (*brPreljev)++; 
 (*ukbroj)++; 
 } 
 } 
} 
int main() { 
 FILE *fh; 
 int brUk=0,brpreljeva=0 
 if ((fh = fopen (""podaci.dat"", ""rb"")) == NULL) exit (1); 
 
 for (j = 0; j < M; j++) { 
 brojPreljeva(fh, j, &brUk, &brpreljeva); 
 printf(""%d. pretinac Ukupno: %d Broj preljeva: %d"",j,brUk, brpreljeva); 
 } 
 close(fh); 
 
}",6,Hash tablica,0.07515456,,,,,,,,,,,0.11764705882352941
MI|2011-03-21|3,MI,2011-03-21,3,"Napišite rekurzivnu funkciju prototipa: 
int prebroji_neparne(int broj); 
koja će odrediti broj neparnih znamenaka zadanog broja. 
 
Napišite glavni program u kojem se s tipkovnice učitava broj, poziva funkcija 
prebroji_neparne i ispisuje dobiveni rezultat. Odredite složenost napisane funkcije. 
 
#include <stdio.h> 
 
int prebroji_neparne(int broj){ 
 
 
 
if(broj==0) return 0; 
 
 
if ((broj%2) != 0) 
 
 
 
 
return 1 + prebroji_neparne(broj/10); 
 
else 
 
 
 
return prebroji_neparne(broj/10); 
} 
 
int main(){ 
 
 
int broj; 
 
printf(""Broj: ""); 
 
scanf(""%d"", &broj); 
 
 
 
printf(""U 
broju 
%d, 
broj 
neparnih 
znamenki 
je 
%d."", 
broj, 
prebroji_neparne(broj)); 
 
return 0; 
}",8,Rekurzija,0.14389917,,,,,,,,,,,0.9473684210526315
MI|2011-03-21|4,MI,2011-03-21,4,"Odredite apriornu i asimptotsku složenost sljedećeg programskog odsječka i obrazložite oba 
odgovora: 
 
int suma = 0, i = 0, j, k, m, n; 
… 
while(i < n){ 
 for (j = 0; j < m; j++){ 
 if (i == j){ 
 for (k = 0; k < n; k++) 
 suma+= i * j * k; 
 } 
 } 
 ++i; 
} 
 
Rješenje: apriorna složenost: O(n*m) 
Asimptotska složenost: n*m + min(n,m)*n 
Obrazloženje: Vanjska petlja vrti do n, a unutarnja do m i u svakom koraku imamo 
provjeravanje je li i==j pa je to sigurno n*m. K petlja se desi samo minimalno od n i m puta a 
vrti se do n, znači da se k petlja obavi min(n,m)*n",9,Složenost algoritama,0.11581351,,,,,,,,,,,0.9230769230769231
MI|2011-03-21|5,MI,2011-03-21,5,"Prikažite sadržaj stoga u trenutku neposredno prije prvog izlaska iz funkcije f2 i naznačite 
veličine svih varijabli na stogu. 
 
void f2(double *a, int *b, int n) { 
 
int brojac[10]={0}; 
 
 
a[n]=b[n]; 
 
brojac[n%10]++; 
 
} 
void f1(int *polje, int n) { 
 
double *polje2; 
 
int i; 
 
polje2=(double*)malloc(n*sizeof(double));
 
for(i=0;i<n;i++) 
 
 
f2(polje2,polje,n‐i‐1); 
} 
 
int main() { 
 
int polje[100]; 
 
... 
 
f1(polje, 100); 
} 
 
40 
brojac 
4 
pov.adr. f2 
4 
polje2 
 
(ili a) 
4 
polje 
 
(ili b) 
4 
n-i-1 
 
(ili n) 
4 
i 
4 
polje2 
4 
pov.adr. f1 
4 
polje 
4 
100 
 
(ili n)",1,Stog,0.13739926,,,,,,,,,,,0.7142857142857143
MI|2011-05-02|1,MI,2011-05-02,1,"Zadan je tip podatka Stog za koji su definirane funkcije za inicijalizaciju stoga, dodavanje elementa u 
stog te za skidanje elementa iz stoga. Prototipovi navedenih funkcija su: 
void init_stog(Stog *stog); 
int dodaj(double element, Stog *stog); 
int skini(double *element, Stog *stog); 
Funkcije dodaj i skini vraćaju 1 ako je operacija uspjela, a 0 ako nije. 
Napišite funkciju čiji je prototip: 
void preurediStog(Stog *stog); 
koja će preurediti poredak elemenata u zadanom početnom stogu tako da sva pojavljivanja najmanjeg 
elementa stavi na dno stoga, dok se poredak ostalih elemenata ne mijenja. 
Napišite i glavni program koji iz neformatirane datoteke ""podaci.dat"" čita brojeve i pohranjuje ih u 
stog te poziva funkciju preurediStog. 
Primjer: Stog s elementima (od vrha prema dnu) 3.1, 2.7, 4.5, 4.8, 4.5, 3.1, 2.7, 4.9 
funkcija će promijeniti u 3.1, 4.5, 4.8, 4.5, 3.1, 4.9, 2.7, 2.7.",0,Sortiranje,0.09961285,,,,,,,,,,,1.0
MI|2011-05-02|2,MI,2011-05-02,2,"Zadan je tip podatka Red za koji su definirane funkcije za inicijalizaciju reda, dodavanje elementa u 
red te za skidanje elementa iz reda. Prototipovi navedenih funkcija su: 
 
void init_red(Red *red); 
int dodaj(int element, Red *red); 
int skini(int *element, Red *red); 
Funkcije dodaj i skini vraćaju 1 ako je operacija uspjela, a 0 ako nije. 
Napišite funkciju koja će sva pojavljivanja višekratnika zadanog broja iz zadanog reda izdvojiti u novi 
red koji treba vratiti pozivatelju. Prototip funkcije je: 
Red *izdvojiVisekratnike(Red *red, int broj); 
U ulaznom redu moraju ostati svi preostali elementi. 
Napišite i dio glavnog programa u kojem ćete definirati redove i ispravno pozvati napisanu funkciju. 
Dio koda u kojem se puni red nije potrebno pisati. 
Primjer: Za ulazni red sadržaja 3, 8, 2, 5, 35, 2, 24, 15 poziv funkcije 
izdvojiVisekratnike za broj=3 stvara novi red sadržaja 3, 24, 15 dok u starom redu ostaju 8, 
2, 5, 35, 2.",2,Red,0.056355238,,,,,,,,,,,0.08333333333333333
MI|2011-05-02|3,MI,2011-05-02,3,"Zadan je stog u kojem su pohranjeni podaci o točkama koordinatnog sustava tipa Tocka, koji će 
sadržavati dvije realne vrijednosti x i y. Definirajte tip podataka Tocka. 
Napišite rekurzivnu funkciju tockeNaPravcu koja će sa zadanog stoga stog u red red kopirati sve 
elemente koji leže na pravcu definiranom koeficijentom smjera a i odsječkom na osi y b. Prototip 
funkcije je: 
 
int tockeNaPravcu (Stog *stog, Red *red, float a, float b); 
Funkcija treba vratiti broj točaka koje leže na zadanom pravcu. Nakon izlaska iz funkcije stog mora 
ostati očuvan, a poredak elemenata u redu nije bitan. 
Napomena: Nerekurzivno rješenje neće se priznavati.",8,Rekurzija,0.10784169,,,,,,,,,,,0.7368421052631579
MI|2011-05-02|4,MI,2011-05-02,4,"Zadano je polje brojeva s elementima: 8, 6, 4, 9, 2, 7, 5, 0, 3, 1. Ilustrirajte sortiranje 
zadanog niza brojeva (ispišite polje nakon svake promjene i označite sve brojeve relevantne za sljedeći 
korak – zamjene, stožere, aproksimacije medijana) algoritmom quicksort. Stožer odaberite metodom 
aproksimacije medijana temeljem prvog, srednjeg i zadnjeg člana polja.",0,Sortiranje,0.041135896,,,,,,,,,,,0.0
MI|2011-05-02|5,MI,2011-05-02,5,"Napišite dio programskog koda kojim se deklarira struktura atoma linearne liste koji u podatkovnom 
dijelu sadrži realni broj dvostruke preciznosti. Skicirajte red realiziran linearnom listom koji sadrži tri 
atoma s vrijednostima 2.4, 3.4 i 5.0.",3,Vezana lista,0.14931436,,,,,,,,,,,0.7428571428571429
MI|2011-05-02|6,MI,2011-05-02,6,"Što radi zadana funkcija? Koja je njena apriorna složenost u ovisnosti o broju elemenata stoga n? 
void misterija(int element, Stog *stog){ 
 
int x; 
 
if (skiniSaStoga(&x, stog)) { 
 
 
misterija (element, stog); 
 
 
dodajNaStog(x, stog); 
 
} 
 
else { 
 
 
dodajNaStog(element, stog); 
 
} 
} 
Odgovor:
 
 
 
 
 
Složenost: _________________________ 

Rješenja: 
1. 
void preurediStog(Stog *stog){ 
 
Stog pom1, pom2; 
 
double element, min; 
 
int br; 
 
 
init_stog(&pom1); 
 
 
init_stog(&pom2); 
if (skini(&element, stog)){ // Prvo nađem najmanji element 
 
 
min=element; 
 
 
dodaj(element, &pom1); 
 
 
dodaj(element, &pom2); 
 
} 
 
else return; 
 
while(skini(&element, stog)){ 
 
 
if (element < min) min=element; 
 
 
dodaj(element, &pom1); 
 
 
dodaj(element, &pom2); 
 
} 
 
br=0; // Sada nađem koliko puta se najmanji element pojavljuje 
 
while(skini(&element, &pom1)){ 
 
 
if (element==min) br++; 
 
} 
 
while(br>0){ // prvo u red zapišem sva pojavljivanja minimalnog elementa... 
 
 
dodaj(min, stog); 
 
 
br‐‐; 
 
} 
 
// ...a zatim i sve ostale elemente, izbjegavajući minimalni 
 
while(skini(&element, &pom2)){ 
 
 
if (element!=min) dodaj(element, stog); 
 
 
} 
} 
int main () { 
 Stog stog; 
 FILE *f; 
 double b; 
 init_stog(&stog); 
 f=fopen(""podaci.dat"",""rb""); 
 while(fread (&b, sizeof(double), 1, f)==1){ 
 staviNaStog(b, &stog); 
 } 
 fclose(f); 
 preurediStog(&stog); 
} 
 
 

2. 
Red *IzdvojiVisekratnike(Red *red, int broj){ 
 
Red *pom,pom2; 
 
int element, temp; 
 
 
pom=(Red*)malloc(sizeof(Red)); 
 
init_red(pom); 
 
 
init_red(&pom2); 
 
 
while(skini(&element, red)){ 
 
 
if (element % broj==0) 
 
 
 
dodaj(element, pom); 
 
 
else dodaj(element, &pom2); 
 
} 
 
while(skini(&element, &pom2)){ 
 
 
 
dodaj(element, red); 
 
 
 
} 
 
return pom; 
} 
int main (){ 
 
Red red, *novi_red; 
 
 
init_red(&red); 
 
/*... napuni red i učitaj broj... */ 
 
novi_red = IzdvojiVisekratnike(&red, 3); 
 
... 
} 
 
 
 
3. 
typedef struct { 
 float x,y; 
} tip; 
 
int tockeNaPravcu(Stog * stog, Red * red, float a, float b){ 
 float y; 
 tip element; 
 int brojac=0; 
 
 if (skiniSaStoga(&element, stog)){ 
 y = a*element.x + b; 
 if (y==element.y) { 
 dodajURed(element, red); 
 brojac=1; 
 } 
 brojac += tockeNaPravcu(stog, red, a, b); 
 } 
 else{ 
 return 0; 
 } 
 dodajNaStog(element, stog); 
 return brojac; 
} 
 

4. 
quicksort 
8, 6, 4, 9, 2, 7, 5, 0, 3, 1 
1, 6, 4, 9, 2, 7, 5, 0, 3, 8 stožer je 2 
1, 6, 4, 9, 3, 7, 5, 0, 2, 8 stožer sakrijemo 
1, 6, 4, 9, 3, 7, 5, 0, 2, 8 6 i 0 mijenjaju mjesto 
1, 0, 4, 9, 3, 7, 5, 6, 2, 8 i i j su se ukrižali i stožer vraćam na mjesto 4 
1, 0, 2, 9, 3, 7, 5, 6, 4, 8 
0, 1, 2, 9, 3, 7, 5, 6, 4, 8 između ovih biram novi stožer i to je 8 
0, 1, 2, 5, 3, 7, 8, 6, 4, 9 
0, 1, 2, 5, 3, 7, 8, 6, 4, 9 stožer sakrivamo sa predzadnjim elementom 
0, 1, 2, 5, 3, 7, 4, 6, 8, 9 
0, 1, 2, 5, 3, 7, 4, 6, 8, 9 i i j su se ukrižali i ništa se nije mijenjalo 
0, 1, 2, 5, 3, 7, 4, 6, 8, 9 tražimo novi stožer i to je 6 
0, 1, 2, 5, 3, 6, 4, 7, 8, 9 
0, 1, 2, 5, 3, 4, 6, 7, 8, 9 stožer sakrijemo 
0, 1, 2, 5, 3, 4, 6, 7, 8, 9 nije bilo promjena i samo treba sortirat 534 
0, 1, 2, 3, 4, 5, 6, 7, 8, 9 
 
 
5. 
struct at { 
 
double element; 
 
struct at *sljed; 
}; 
 
 
6. 
Na dno stoga stavlja element, O(n) 

1. međuispit iz predmeta",0,Sortiranje,0.08563723,,,,,,,,,,,0.5172413793103449
MI|2010-03-29|1,MI,2010-03-29,1,"Jedan zapis datoteke organizirane po načelu raspršenog adresiranja definiran je strukturom: 
typedef struct{ 
int sifra; 
char naziv[50+1]; 
double cijena; 
} zapis; 
 
Zapis je prazan ako je na mjestu šifre vrijednost nula. Parametri za raspršeno adresiranje nalaze se u datoteci 
parametri.h i oni su: 
 
- BLOK .................. veličina bloka na disku 
- MAXZAP ......... broj zapisa 
- C ........................... broj zapisa u jednom pretincu 
- M ........................... broj pretinaca 
Ključ zapisa je šifra artikla, a transformacija ključa u adresu obavlja se zadanom funkcijom: 
int adresa(int sifra); 
Zadana je i funkcija upisiZapis koja zadani zapis upisuje u zadani pretinac ako u njemu ima mjesta. 
 
int upisiZapis (FILE *f, zapis z, int adresaPretinca); 
Funkcija vraća 1 ako je mjesto pronađeno i zapis zapisan, a u suprotnom vraća 0. 
 
Napisati funkciju urediHash koja će preljeve s pomoću funkcije upisiZapis prebaciti u za njih 
predviđene pretince ako tamo ima mjesta. Dovoljno je kroz sve pretince proći samo jednom (već 
provjerene preljeve ne treba ponovno provjeravati). Funkcija treba vratiti broj prebačenih preljeva. 
Prototip funkcije treba biti: 
 
int urediHash(FILE *f);",6,Hash tablica,0.0701897,,,,,,,,,,,0.7647058823529411
MI|2010-03-29|2,MI,2010-03-29,2,"Napisati rekurzivnu funkciju za određivanje je li broj prost. 
Prototip funkcije je: 
short jeProst(int broj, int djelitelj); 
 
Funkcija vraća 1 ako je broj prost, inače vraća 0. Pri prvom pozivu funkcije djelitelj je postavljen na 2. 
Napomena: Nerekurzivno rješenje neće se priznavati.",8,Rekurzija,0.112229064,,,,,,,,,,,0.05263157894736842
MI|2010-03-29|3,MI,2010-03-29,3,"Napisati funkciju koja će iz ulaznog polja cijelih brojeva izbaciti sve one manje od prosjeka, a zatim i 
dinamički smanjiti veličinu polja na osnovu novog broja članova. Funkcija kao rezultat vraća 
pokazivač na navedeno polje. Prototip funkcije je: 
 
 
int *izbaci_podprosj(int *polje, int *br_clanova); 
 
Napisati i glavni program u kojem će se učitati broj elemenata, polje se dinamički alocirati te napuniti 
slučajno odabranim vrijednostima iz raspona [10, 1000], pozvati funkcija i ispisati novo polje te 
osloboditi dinamički stvorena memorija.",3,Vezana lista,0.1044239,,,,,,,,,,,0.2571428571428571
MI|2010-03-29|4,MI,2010-03-29,4,"Odredite apriornu složenost sljedećeg 
programskog odsječka i obrazložite odgovor: 
int i, j, n, s=0; 
... 
for (j=2; j<n; j++){ 
 for(i=1; i<n; i*=j){ 
 s+= i*j; 
 } 
} 
Odredite asimptotsku složenost sljedećeg 
programskog odsječka i obrazložite odgovor: 
int i, j, n, s=0; 
... 
for (i=4; i<n; i++){ 
 for (j=i-4; j<i; j++){ 
 s+= a[j]; 
 } 
} 
Rješenje: O(____________) 
Obrazloženje: 
 
 
Rješenje: 
Obrazloženje:",9,Složenost algoritama,0.10726799,,,,,,,,,,,0.7692307692307693
MI|2010-03-29|5,MI,2010-03-29,5,"Što će ispisati funkcija main? 
char *funkcija (char *niz, char znak){
 if (*niz==0) return 0; 
 else { 
 if (*niz==znak) strcpy (niz, niz+1); 
 return funkcija(niz+1, znak); 
 } 
} 
int main () {
 char polje[]=""AB1 2B2""; 
 funkcija(polje, 'B'); 
 printf (""%s"", polje); 
 return 0; 
} 
 
Rješenje: ___________________________________________________________________________________________________________",3,Vezana lista,0.14053628,,,,,,,,,,,0.8571428571428571
MI|2010-03-29|6,MI,2010-03-29,6,"Prikazati sadržaj stoga u trenutku neposredno prije izlaska iz funkcije zamijeni i naznačite veličine 
varijabli. 
void zamijeni(int *a, int *b) { 
 
int pom; 
 
pom = *a; 
 
*a = *b; 
 
*b = pom; 
} 
void sortiraj(int *polje, int n) { 
 
int i,j; 
 
for (i = 0; i < n-1; i++) 
 
 
for (j = i; j < n; j++) 
 
 
 
if (polje[j] > polje[i]) 
 
 
 
 
zamijeni(polje+j, polje+i); 
} 
 
int main() { 
 
int polje[100]; 
 
... 
 
sortiraj(polje, 100); 
} 
 

 
Rješenja 
 
1. 
int urediHash (FILE *f) 
{ 
 
zapis pretinac[C]; 
 
int pp, brojPrebac, j, i, imaPromjena=0; 
 
i=0; 
 
for(i=0;i<M;i++) 
 
{ 
 
 
imaPromjena=0; 
 
 
fseek(f,i*BLOK,SEEK_SET); 
 
 
fread(pretinac,sizeof(pretinac),1,f); 
 
 
for(j=0;j<C;j++) 
 
 
{ 
 
 
 
upisao=0; 
 
 
 
pp = adresa(pretinac[j].sifra); 
 
 
 
if(pretinac[j].sifra!=0 && pp!=i) 
 
 
 
{ 
 
 
 
 
upisao=upisiZapis(f, pretinac[j], pp); 
 
 
 
 
if (upisao){ 
 
 
 
 
 
pretinac[j].sifra = 0; 
 
 
 
 
 
brojPrebac++; 
 
 
 
 
 
imaPromjena=1; 
 
 
 
 
} 
 
 
 
 
} 
 
 
} 
 
 
if (imaPromjena){ 
 
 
 
fseek(f,i*BLOK,SEEK_SET); 
 
 
 
fwrite(pretinac,sizeof(pretinac),1,f); 
 
 
} 
} 
 
} 
 
return brojPrebac; 
} 
 
2. 
short jeProst(int broj, int i) 
{ 
if (broj==i) return 1; 
if (broj%i == 0) return 0; 
return jeProst (broj, i+1); 
} 
 
 
3. 
 
#include <stdio.h> 
#include <stdlib.h> 
#include <time.h> 
 
int *izbaci_podprosj(int *polje, int *br_clanova){ 
int i, j, suma=0; 
float prosjek; 
for (i=0;i<*br_clanova;i++){ 
suma+=polje[i]; 
} 
prosjek= (float) suma/ *br_clanova; 
for(i=0 ; i<*br_clanova ;){ 
if (polje[i] < prosjek){ 
for(j=i+1 ; j<*br_clanova ; j++) 

polje[j-1] = polje[j]; 
(*br_clanova)--; 
} 
else 
i++; 
} 
polje = (int*) realloc(polje, *br_clanova * sizeof(int)); 
return polje; 
} 
 
int main(){ 
int *polje, i, br_clanova; 
scanf(""%d"",&br_clanova); 
polje = (int*) malloc(br_clanova * sizeof(int)); 
srand((unsigned) time(NULL)); 
for(i=0; i<br_clanova ; i++){ 
polje[i] = rand()%991+10; 
} 
printf(""prije:\n""); 
for(i=0; i<br_clanova ; i++){ 
printf(""%d\n"", polje[i]); 
} 
polje = izbaci_podprosj(polje, &br_clanova); 
printf(""poslije:\n""); 
for(i=0; i<br_clanova ; i++){ 
printf(""%d\n"", polje[i]); 
} 
free(polje); 
return 0; 
} 
4. 
a) O(n logn), uz objašnjenje: vanjska petlja vrti se n puta, unutarnja: i se množi s j iz vanjske, a kako j ide do n, 
to je složenost unutarnje log n; 
(ili O(n) uz objašnjenje : u unutarnjoj petlji imamo množenje sa i; ako je i veći od sqrt(n) onda imamo najviše 
dva prolaza, što je O(1) - takvih za koje to vrijedi ima n -sqrt(n); za prvih sqrt(n) možemo reći da je složenost 
O(logn); znači ukupno imamo O((n-sqrt(n) )* 1) + O(logn * sqrt(n)); prvi član je O(n) a drugi je očito <= O(n) => 
složenost je O(n)) 
b) ~4n uz objašnjenje: unutarnja petlja vrti se 4 puta, a vanjska n puta. 
Napomena: bez valjanog objašnjenja rješenje se ne priznaje! 
 
5. 
A1 22 
 
6. 
 
pom 
 
pod.adr. zamijeni 
 
polje+j 
 
(ili a) 
 
polje+i 
 
(ili b) 
 
j 
 
i 
 
pov.adr. sortiraj 
 
polje 
 
100 
 
(ili n) 

 
2. međuispit iz predmeta",0,Sortiranje,0.10937762,,,,,,,,,,,0.7586206896551724
MI|2010-05-10|1,MI,2010-05-10,1,"Zadan je tip podatka Stog za koji su definirane funkcije za inicijalizaciju stoga, dodavanje elementa u 
stog te za brisanje elementa iz stoga. Prototipovi navedenih funkcija su: 
 
void init_stog(Stog *stog); 
int dodaj(int element, Stog *stog); 
int skini(int *element, Stog *stog); 
 
Funkcije dodaj i skini vraćaju 1 ako je operacija dodavanja odnosno skidanja uspjela, a 0 inače. 
 
a) (3 boda) Napišite rekurzivnu funkciju brojPojavljivanja čiji je prototip: 
 
 
int brojPojavljivanja (int element, Stog *stog); 
 
 
Funkcija treba vratiti broj pojavljivanja zadanog elementa na stogu. 
 
b) (2 boda) Napišite funkciju ostaviVisestruke čiji je prototip: 
 
 
void ostaviVisestruke(Stog *stog, int brPojavljivanja); 
 
koja će korištenjem funkcije brojPojavljivanja na zadanom stogu ostaviti samo one elemente 
koji se pojavljuju više ili jednako od brPojavljivanja. 
 
 
Primjer: nakon poziva funkcije ostaviVisestruke (stog, 3) stog s početnim vrijednostima 
 
3 3 5 6 3 5 3 2 5 4 2 8 5 sadržavat će 3 3 5 3 5 3 5 5 jer se ti elementi pojavljuju tri ili više puta.",0,Sortiranje,0.061088573,,,,,,,,,,,0.7931034482758621
MI|2010-05-10|2,MI,2010-05-10,2,"Zadan je tip podatka Red za koji su definirane funkcije za inicijalizaciju reda, dodavanje elementa u red 
te za brisanje elementa iz reda. Prototipovi navedenih funkcija su: 
 
void init_red(Red *red); 
int dodaj(int element, Red *red); 
int skini(int *element, Red *red); 
 
Funkcije dodaj i skini vraćaju 1 ako je operacija dodavanja odnosno skidanja uspjela, a 0 inače. 
Napišite funkciju čiji je prototip: 
 
void izbaciDuple(Red *red); 
koja će iz zadanog sortiranog reda ukloniti sva dodatna pojavljivanja pojedinog elementa. 
Primjer: Red brojeva 3 3 3 5 6 6 7 7 8 9 9 9 funkcija će promijeniti u 3 5 6 7 8 9.",2,Red,0.054366708,,,,,,,,,,,0.25
MI|2010-05-10|3,MI,2010-05-10,3,"Zadan je niz brojeva: 1, 5, 7, 4, 3, 6, 8, 2, 9, 0 
Ilustrirajte uzlazno sortiranje zadanog niza brojeva (ispišite niz nakon svake zamjene dvaju 
elemenata): 
a) (2 boda) Algoritmom shell sort za slijed koraka {4, 2, 1}. Kako izgledaju 4-, 2- i 1-sortirani 
nizovi? 
b) (2 boda) Algoritmom quicksort. Stožer odaberite metodom aproksimacije medijana 
temeljem početnog, krajnjeg i središnjeg člana polja.",0,Sortiranje,0.032399036,,,,,,,,,,,0.06896551724137931
MI|2010-05-10|4,MI,2010-05-10,4,"Ispišite vrijednosti (od izlaza prema ulazu reda) koje se nalaze u redu nakon što se obavi funkcija 
func. Funkcija func kao parametar prima red s vrijednostima: 1, 2, 3, 4, 5, 6, 7, 8. Funkcija dodajURed 
dodaje vrijednost argumenta el u red. 
 
void func (Red *red){ 
 
int el; 
 
if (skiniIzReda(&el, red)) func(red); 
 
if (el % 2) dodajURed(el, red); 
} 
_______________________________________________________________________________________",2,Red,0.101669386,,,,,,,,,,,1.0
MI|2010-05-10|5,MI,2010-05-10,5,"Koristeći prostor nad crtama, napišite naredbe silaznog Insertion sorta koje nedostaju. 
void InsertionSort (tip A [], int N) { 
 int i, j; 
 tip pom; 
 for (i = 1; i < N; i++) { 
 pom = A[i]; 
 
 _____________________________________________________________________ 
 
 _____________________________________________________________________ 
 A[j] = pom; 
 } 
}",0,Sortiranje,0.13578469,,,,,,,,,,,0.9655172413793104
MI|2010-05-10|6,MI,2010-05-10,6,"Stog je definiran na sljedeći način: 
typedef struct { 
 int vrh, polje[MAXSTOG]; 
 
} Stog; 
 
Koristeći prostor nad crtama, napišite naredbe koje nedostaju za ispravan rad funkcije koja dodaje 
element na stog. 
int dodaj(int stavka, Stog *stog){ 
 if (stog->vrh >= MAXSTOG-1) return 0; 
 ______________________________________________________________ 
 
 ______________________________________________________________ 
 
 return 1; 
} 

 
Rješenja 
1. zadatak 
 
int brojPojavljivanja(int element, Stog * stog){ 
 tip pomelem; 
 int broj=0; 
 if (skini(&pomelem, stog)){ 
 if (pomelem==element) broj = 1; 
 broj=broj + brojPojavljivanja(element, stog); 
 } 
 else 
 { 
 return 0; 
 } 
 
 dodaj(pomelem, stog); 
 return broj; 
} 
 
void ostaviVisestruke(Stog * stog, int brPojavljivanja){ 
 int n; 
 Stog pom1, pom2; 
 init_stog(&pom1); 
 init_stog(&pom2); 
 
 while(skini(&n,stog)){ 
 dodaj(n, &pom1); 
 dodaj(n, &pom2); 
 } 
 
 while(skini(&n,&pom1)){ 
 if (brojPojavljivanja(n, &pom2)>=brPojavljivanja) dodaj(n, stog); 
 } 
} 
 
Rješenje s jednim pomoćnim stogom: 
void ostaviVisestruke(Stog * stog, int brPojavljivanja){ 
 int n; 
 Stog pom1; 
 init_stog(&pom1); 
 
 while(skini(&n,stog)){ 
 if (brojPojavljivanja(n, &pom1) + brojPojavljivanja(n, stog) +1) >=brPojavljivanja) 
 dodaj(n, &pom1); 
 } 
 
 while(skini(&n,&pom1)){ 
 dodaj(n, stog); 
 } 
} 
 
2. zadatak 
void IzbaciDuple(Red *red){ 
 
Red pom; int element, temp; 
 
 
init_red(&pom); 
 
 
 
skini(&temp, red); 
 dodaj(temp, &pom); 
 
 
 
while(skini(&element, red)){ 
 
 
if (temp != element) { 
 
 
 
temp = element; 
 
 
 
dodaj(element, &pom); 

 
 
} 
 
} 
 
while(skini(&element, &pom)){ 
 
 
dodaj(element, red); 
 
 
 
} 
} 
3. zadatak 
 
Rješenje: 
a)
 
 
 
 
 
 
 
 
 
b)
 
 
 
 
 
 
 
 
 
 
1 
5 7 4
3 6 8
2 9 0
1 
5 7
4
3 6
8 2 9 0 
1 
5 7 2
3 6 8
4 9 0
0 
5 7
4
1 6
8 2 9 3 
1 
5 7 2
3 0 8
4 9 6
0 
5 7
4
9 6
8 2 1 3 
1 
0 7 2
3 5 8
4 9 6
j 
i 
 
1 
0 7 2
3 5 8
4 9 6
0 
1 7
4
9 6
8 2 5 3 
1 
0 3 2
7 5 8
4 9 6
 
3
4
9 6
8 2 5 7 
1 
0 3 2
7 4 8
5 9 6
 
3
4
9 5
8 2 6 7 
0 
1 3 2
7 4 8
5 9 6
 
i 
j 
 
0 
1 2 3
7 4 8
5 9 6
 
3
4
2 5
8 9 6 7 
0 
1 2 3
4 7 8
5 9 6
 
j 
i 
 
0 
1 2 3
4 7 5
8 9 6
 
3
4
2 5
6 9 8 7 
0 
1 2 3
4 5 7
8 9 6
 
3
2
4 5
 
0 
1 2 3
4 5 7
8 6 9
 
j 
i 
 
0 
1 2 3
4 5 7
6 8 9
 
7 8 9 
0 
1 2 3
4 5 6
7 8 9
 
 
 
 
 
 
 
 
 
 
 
 
4. zadatak 
Rješenje: 7, 5, 3, 1 
 
5. zadatak 
for (j = i; j <= 1 && A[j-1] > pom; j--) 
 A[j] = A[j-1]; 
 
6. zadatak 
stog->vrh++; 
 
stog->polje[stog->vrh] = stavka;",1,Stog,0.10829123,,,,,,,,,,,0.5714285714285714
MI|2009-05-22|1,MI,2009-05-22,1,"Neka je zadan tip podatka Stog za koji su definirane funkcije za inicijalizaciju stoga, 
dodavanje elementa na stog te brisanje elementa sa stoga. Elementi stoga su podaci tipa 
Student koji sadrže prezime studenta (40 znakova), ime studenta (30 znakova) te broj 
položenih ispita. Prototipovi navedenih funkcija su: 
void init_stog(Stog *stog); 
int dodaj(Student element, Stog *stog); 
int skini(Student *element, Stog *stog); 
 
Funkcije dodaj i skini vraćaju 1 ako je operacija dodavanja ili skidanja uspjela, a 0 inače. 
 
a) (4 boda) Napišite rekurzivnu funkciju koja će sa stoga maknuti sve studente koji nisu 
položili niti jedan ispit. Funkcija vraća broj studenata maknutih sa stoga. Prototip funkcije 
treba biti: 
 int MakniStudente (Stog *stog); 
 
Napomena: 
Nerekurzivno rješenje neće se priznavati. 
 
b) (1 bod) Napišite definicije odgovarajućih struktura (tipovi podataka Student, Stog i 
atom) za stog realiziran vezanom listom.",3,Vezana lista,0.06451666,,,,,,,,,,,0.0
MI|2009-05-22|2,MI,2009-05-22,2,"Zadan je niz brojeva: 6, 4, 10, 5, 8, 2, 1, 9, 3, 7. 
Ilustrirajte uzlazno sortiranje zadanog niza brojeva (ispišite niz nakon svake zamjene dvaju 
elemenata): 
 
a) (3 boda) Algoritmom quicksort. Stožer odaberite metodom aproksimacije medijana 
temeljem početnog, krajnjeg i srednjeg člana polja. 
 
b) (2 boda) Algoritmom selection sort.",0,Sortiranje,0.03345723,,,,,,,,,,,0.13793103448275862
MI|2009-05-22|3,MI,2009-05-22,3,"Neka je zadan tip podatka Red za koji su definirane funkcije za inicijalizaciju reda, 
dodavanje elementa u red te za brisanje elementa iz reda. Prototipovi navedenih funkcija su: 
void init_red(Red *red); 
int dodaj(int element, Red *red); 
int skini(int *element, Red *red); 
 
Funkcije dodaj i skini vraćaju 1 ako je operacija dodavanja ili skidanja uspjela, a 0 inače. 
 
Napisati funkciju čiji je prototip 
 
void izbaci(Red *red); 
 
koja će iz reda izbaciti sve one elemente koji su manji ili jednaki od svog sljedbenika. Zadnji 
element se ne izbacuje. Primjerice, ako je red sadržavao sljedeće elemente: 
6, 7, 4, 9, 2, 5, 3, 3, 2, 5, 4, 2 nakon poziva funkcije red će imati elemente 7, 9, 5, 3, 5, 4, 2. 
 
Napomena: možete pretpostaviti da ulazni red neće biti prazan, ali npr. može imati 
samo jedan element.",2,Red,0.067062415,,,,,,,,,,,0.16666666666666666
MI|2009-05-22|4,MI,2009-05-22,4,"Neka je zadan tip podatka Stog za koji su definirane funkcije za inicijalizaciju stoga, 
dodavanje elementa na stog te za brisanje elementa sa stoga. Prototipovi navedenih funkcija 
su: 
void init_stog(Stog *stog); 
int dodaj (int element, Stog *stog); 
int skini (int *element, Stog *stog); 
 
Neka je zadan tip podatka Red za koji su definirane funkcije za inicijalizaciju reda, dodavanje 
elementa u red te za brisanje elementa iz reda. Prototipovi navedenih funkcija su: 
void init_red(Red *red); 
int dodaj_u_red (int element, Red *red); 
int skini_iz_reda (int *element, Red *red); 
 
Funkcije dodavanja i skidanja vraćaju 1 ako je operacija dodavanja odnosno skidanja uspjela, 
a 0 inače. Neka je zadana funkcija 
 
 
int sadrzi(Stog *stog, int element); 
 
koja vraća 1 ako stog sadrži navedeni element, a 0 inače. Nakon poziva funkcije stog ostaje 
nepromijenjen. 
 
Napisati funkciju izbaci_duplikate koja će izbaciti sva naknadna pojavljivanja pojedinog 
elementa iz ulaznog reda. Primjerice, ako je red sadržavao elemente 4, 5, 5, 2, 4, 5, 6, 1, 6 
nakon poziva funkcije red će sadržavati 4, 5, 2, 6, 1. (Uputa: koristiti funkciju sadrzi.) 
Prototip tražene funkcije je 
 
 
void izbaci_duplikate(Red *red); 
 

Rješenja 
1. zadatak 
a)int fun(Stog * stog){ 
 
int brojac=0; 
 
student element; 
 
if (skini(&element, stog)){ 
 
 
brojac=fun(stog); 
 
 
if (element.brojIspita>0) { 
 
 
 
dodaj(element, stog); 
 
 
} 
 
 
else 
 
 
 
brojac++; 
 
 
 
return brojac; 
 
} 
 
else 
 
 
return 0; 
} 
b) 
struct student{ 
 
char prezime[40]; 
 
char ime[30]; 
 
short brojIspita; 
}; 
 
typedef struct student Student; 
struct at { 
 Student element; 
 struct at *sljed; 
}; 
typedef struct at atom; 
 
typedef struct{ 
 
atom *vrh; 
} Stog; 

2. zadatak 
a) quicksort 
1 – kandidat za stožera 
1 – stožer 
1 – elementi koji se zamjenjuju 
6 4 10 5 8 2 1 9 3 7 
6 4 10 5 7 2 1 9 3 8 
6 4 10 5 3 2 1 9 7 8 
6 4 1 5 3 2 10 9 7 8 
6 4 1 5 3 2 7 9 10 8 
1 4 2 5 3 6 7 9 10 8 
1 4 3 5 2 6 7 9 10 8 
1 2 3 5 4 6 7 9 10 8 
1 2 3 4 5 6 7 9 10 8 
1 2 3 4 5 6 7 9 10 8 
1 2 3 4 5 6 7 8 9 10 
b) selection sort 
1 – nesortirani dio niza 
1 – najmanji element 
6 4 10 5 8 2 1 9 3 7 
1 4 10 5 8 2 6 9 3 7 
1 2 10 5 8 4 6 9 3 7 
1 2 3 5 8 4 6 9 10 7 
1 2 3 4 8 5 6 9 10 7 
1 2 3 4 5 8 6 9 10 7 
1 2 3 4 5 6 8 9 10 7 
1 2 3 4 5 6 7 9 10 8 
1 2 3 4 5 6 7 8 10 9 
1 2 3 4 5 6 7 8 9 10 
 

3. zadatak 
void izbaci(Red *red){ 
 
int preth, tren; 
 
Red pom; 
 
 
init_red(&pom); 
 
 
skini(&preth, red); /*po pretpostavci zadatka postoji barem jedan*/ 
 
while(skini(&tren, red)){ 
 
 
if (preth > tren){ 
 
 
 
dodaj(preth, &pom); 
 
 
} 
 
 
preth = tren; 
 
} 
 
dodaj(preth, &pom); /*zadnji element u redu*/ 
 
 
while(skini(&tren, &pom)) 
 
 
dodaj(tren, red); 
} 
 
 
4. zadatak 
void izbaci_duplikate(Red *red){ 
 
Stog stog;Red pom; int el; 
 
init_red(&pom); init_stog(&stog); 
 
while(skini_iz_reda(&el, red)){ 
 
 
if (!sadrzi(&stog, el)){ 
 
 
 
dodaj(el, &stog); 
 
 
 
dodaj_u_red(el, &pom); 
 
 
} 
 
} 
 
/*ispraznimo stog*/ 
 
while(skini(&el, &stog)); 
 
 
while(skini_iz_reda(&el, &pom)) 
 
 
dodaj_u_red(el, red); 
}",2,Red,0.066069186,,,,,,,,,,,0.3333333333333333
MI|2009-04-09|1,MI,2009-04-09,1,"Jedan zapis datoteke organizirane po načelu raspršenog adresiranja definiran je strukturom: 
typedef struct{ 
int sifra; 
char naziv[50+1]; 
double cijena; 
} zapis; 
 
Zapis je prazan ako je na mjestu šifre vrijednost nula. Parametri za raspršeno adresiranje 
nalaze se u datoteci parametri.h i oni su: 
 
- BLOK .............. veličina bloka na disku 
- MAXZAP ........ broj zapisa 
- C ...................... broj zapisa u jednom pretincu 
- M ...................... broj pretinaca 
 
Ključ zapisa je šifra artikla, a transformacija ključa u adresu obavlja se zadanom funkcijom: 
 
int adresa(int sifra); 
 
Napišite funkciju koja će u pretincu x pronaći i vratiti prvi zapis koji je po svojoj šifri trebao 
završiti u pretincu y (ali je zbog preljeva završio u pretincu x). Funkcija preko svog imena 
vraća 1 ili 0 ovisno o tome postoji li takav zapis u pretincu x ili ne. Prototip funkcije je: 
 
int pronadji(FILE *f, zapis *z, int x, int y);",6,Hash tablica,0.067616954,,,,,,,,,,,0.6470588235294118
MI|2009-04-09|2,MI,2009-04-09,2,"Napišite rekurzivnu funkciju za izbacivanje znamenki iz zadanog niza. Prototip funkcije 
treba biti: 
 int IzbaciZnamenke (char *niz); 
 
Funkcija vraća broj izbačenih znamenki. 
 
Primjer: za ulazni niz ""Godine 2008. je"" funkcija mijenja niz u ""Godine . je"" i 
vraća 4 jer su izbačene 4 znamenke. 
 
Napomena: 
Nerekurzivno rješenje neće se priznavati.",8,Rekurzija,0.11616121,,,,,,,,,,,0.631578947368421
MI|2009-04-09|3,MI,2009-04-09,3,"Odredite apriornu složenost (u ovisnosti od m, n i k) sljedećih programskih odsječaka i 
detaljno obrazložite svoje odgovore. 
 
a) 
for (j=0; j<m; j++){ 
int i = 64; 
n = k; 
while (n > 0){ 
n/=i; 
if (i > 2) i /= 2; 
} 
} 
b) 
int i = 64; 
while (i > 1){ 
n /= i; 
i /= 2; 
}",9,Složenost algoritama,0.11800834,,,,,,,,,,,1.0
MI|2009-04-09|4,MI,2009-04-09,4,"Napišite funkciju koja će stvoriti skalarnu matricu reda n (matrica od n x n elemenata kojoj 
su svi elementi osim glavne dijagonale 0, a elementi na glavnoj dijagonali međusobno su 
jednaki). Funkcija kao rezultat vraća pokazivač na stvorenu matricu. U glavnom programu 
učitajte dimenziju n i vrijednost elemenata na glavnoj dijagonali el, pozovite funkciju, 
ispišite matricu i nakon toga oslobodite zauzetu memoriju. 
 
Nacrtajte sistemski stog u trenutku neposredno prije završetka izvođenja funkcije (prije 
poziva naredbe return). Naznačite nazive varijabli i njihove veličine. 
 
Prototip funkcije je: 
 
short *skalMat(int n, short el); 
 
Napomene: Pretpostavite da je prije poziva funkcije skalMat stog prazan. Adrese varijabli 
odaberite proizvoljno. 

Zadatak 1: 
 
int pronadji(FILE *f, zapis *z, int x, int y){ 
 
zapis pretinac[C]; int i; 
 
 
fseek (f, x*BLOK, SEEK_SET); 
 
fread (pretinac, sizeof (pretinac), 1, f); 
 
for (i = 0; i < C; i++) { 
 
 
 
if (pretinac[i].sifra != 0) { 
 
 
 
 
if (adresa(pretinac[i].sifra) == y){ 
 
 
 
 
 
*z = pretinac[i]; 
 
 
 
 
 
return 1; 
 
 
 
 
} 
 
 
 
} 
 
} 
 
return 0; 
 
} 
 
Zadatak 2: 
a) O(m log(k)) 
b) O(1) 
 
Zadatak 3: 
int IzbaciZnamenke (char* niz){ 
 
if (*niz=='\0') return 0; 
 
else { 
 
 
if (*niz >='0' && *niz<='9'){ 
 
 
 
strcpy(niz, niz+1); 
 
 
 
return 1 + IzbaciZnamenke(niz); 
 
 
} 
 
 
return IzbaciZnamenke(niz+1); 
 
} 
} 
 
Zadatak 4: 
#include <stdio.h> 
#include <stdlib.h> 
 
short *skalMat(int n, short el){ 
 
int i, j; 
short *polje; 
 
polje = (short*) malloc(n * n * sizeof(short)); 
 
for (i=0; i<n; i++) 
 
 for (j=0; j<n; j++) 
 
 if (i==j) polje[i*n+j] = el; 
 
 else polje[i*n+j] = 0; 
 
return polje; 
} 
 
int main(){ 
 
int i, j, n; 
short *mat, el; 
 
 printf(""n ->""); scanf(""%d"",&n); 
 printf(""el ->""); scanf(""%hd"",&el); 

 
mat = skalMat(n, el); 
 
 
for (i=0; i<n*n; i++){ 
 
 
printf(""%hd "", mat[i]); 
 
 
if (i % n == n-1) printf(""\n""); 
 
} 
 
 
 
free(mat); 
 
return 0; 
} 
 
STOG: 
polje 4 
j 4 
i 4 
pov. adr. 4 
el 2 
n 4 
 

1. međuispit iz predmeta",1,Stog,0.11456542,,,,,,,,,,,0.2857142857142857
MI|2008-03-19|1,MI,2008-03-19,1,"Zadana je funkcija Zbroj koja vraća zbroj elemenata polja veličine brojElemenata čiji je prototip: 
int Zbroj (int poljeZbroj[], int brojElemenata); 
 
Napisati funkciju IzborParnih koja u zadanom polju cijelih brojeva polje pronalazi prvih 5 
parnih brojeva i sprema ih u pomoćno polje poljeParnih veličine 5. Ako parnih brojeva ima manje 
od 5, ostatak polja poljeParnih popuniti nulama. Iz funkcije IzborParnih pozvati zadanu 
funkciju Zbroj koja će izračunati zbroj elemenata polja poljeParnih te ga vratiti preko argumenta 
zbrojParnih. 
Prototip funkcije je: 
 
 void IzborParnih (int polje[], int brojElemenata, int *zbrojParnih); 
 
Izgled glavnog programa (nije potrebno pisati): 
 int main (){ 
 ... 
 IzborParnih (polje, brojElemenata, &zbrojParnih); 
 ... 
 } 
 
acrtati sistemski stog u trenutku neposredno prije završetka izvođenja funkcije Zbroj (prije 
poziva naredbe return).",0,Sortiranje,0.12077515,,,,,,,,,,,0.7241379310344828
MI|2008-03-19|2,MI,2008-03-19,2,"Napišite funkciju čiji je prototip: 
 int *vratiPolje (int *brelem); 
koja će dinamički alocirati prostor za polje od 200 elemenata i napuniti ga slučajno odabranim cijelim 
brojevima iz intervala [-200,300]. Ako je broj elemenata s vrijednošću 0 manji od 10, polje treba 
proširiti za dodatnih 10 elemenata i njih napuniti nulama. 
Funkcija vraća novonastalo polje, a preko argumenta brelem vraća broj elemenata polja. Treba 
napisati glavni program u kojem će se definirati potrebne varijable, pozvati funkcija vratiPolje i 
ispisati dobiveno polje. 
 
 
 
 
 
 
 
 
 

1. međuispit iz predmeta Algoritmi i strukture podataka",3,Vezana lista,0.14574185,,,,,,,,,,,0.9428571428571428
MI|2008-03-19|3,MI,2008-03-19,3,"a) (1 bod) Odredite složenost O i Ω sljedećeg dijela kôda. Obrazložite svoje odgovore. 
 
 for (i = 0; i < n; i++) { 
 if (p[i][i] == i){ 
 printf(""%d"", i); 
 
break; 
 } 
 } 
b) (2 boda) Odredite složenost O masno otisnutog odsječka kôda (petlja while). Obrazložite svoj 
odgovor. 
 
 int b; 
 ... 
 char *rezultat = ... 
 rezultat[0] = '\0'; 
 while (n > 0) { 
 if (n % 2 == 1) 
 rezultat = strcat(rezultat, ""1""); 
 else 
 rezultat = strcat(rezultat, ""0""); 
 n = n/2; 
 }",9,Složenost algoritama,0.10897255,,,,,,,,,,,0.6923076923076923
MI|2008-03-19|4,MI,2008-03-19,4,"Jedan zapis datoteke organizirane po načelu raspršenog adresiranja definiran je strukturom: 
typedef struct{ 
int sifra; 
char naziv[50+1]; 
double cijena; 
} zapis; 
 
Zapis je prazan ako je na mjestu šifre vrijednost nula. Parametri za raspršeno adresiranje 
nalaze se u datoteci parametri.h i oni su: 
 
- BLOK ............... veličina bloka na disku 
- MAXZAP .......... broj zapisa 
- C ....................... broj zapisa u jednom pretincu 
- M ....................... broj pretinaca 
 
 
Napisati funkciju koja će vratiti broj punih pretinaca unutar datoteke. Funkcija treba imati prototip: 
 
int broj_popunjenih (FILE *f); 
 

1. međuispit iz predmeta Algoritmi i strukture podataka 
 ZADATAK 1 
#include <stdio.h> 
 
void IzborParnih (int polje[], int brojElemenata, int *zbrojParnih) { 
 
 
int i, j = 0; 
 
int poljeParnih [5] = {0}; 
 
 
for (i = 0; i < brojElemenata; i++) { 
 
 
if (polje[i] % 2 == 0) { 
 
 
 
poljeParnih[j] = polje[i]; 
 
 
 
j++; 
 
 
} 
 
 
 
if (j == 5) break; 
 
} 
 
 
*zbrojParnih = Zbroj (poljeParnih, 5); 
} 
 
int Zbroj (int poljeZbroj[], int brojElemenata) { 
 
 
int j, zbroj = 0; 
 
for (j = 0; j < brojElemenata; j++) { 
 
 
zbroj = zbroj + poljeZbroj [j]; 
 
} 
 
return zbroj; 
} 
int main (void) { 
 
int i, zbrojParnih; 
 
int polje [10]; 
 
 
 
srand ((unsigned) time (NULL)); 
 
 
for (i = 0; i < 10; i++) { 
 
 
polje [i] = rand () % 50 + 1; 
 
} 
 
IzborParnih (polje, 10, &zbrojParnih); 
 
 
printf(""%d Ovo je zbroj \n"", zbrojParnih); 
 
 
 
 
return 0; 
} 
 
 
Sistemski stog: 
zbroj 
j 
povratna adresa
poljeZbroj 
brojElemenata 
poljeParnih 
j 
i 
povratna adresa
polje 
brojElemenata 
zbrojParnih 
 
 

1. međuispit iz predmeta Algoritmi i strukture podataka 
ZADATAK 2 
int * vratiPolje(int * brojelem){ 
 int * polje, i, brojnula=0; 
 *brojelem=200; 
 polje=(int *)malloc(200*sizeof(int)); 
 for (i=0; i<200; i++){ 
 polje[i]=rand(); 
 if (polje[i]==0) brojnula++; 
 } 
 if (brojnula<10) { 
 polje =(int*)realloc (polje, 210*sizeof(int)); 
 for (i=200; i<210; i++) polje[i]=0; 
 if (brojnula<10) *brojelem=210; 
 } 
 return polje; 
} 
 
 
int main(){ 
 int *p, i, brelem; 
 p=vratiPolje(&brelem); 
 for (i=0; i<brelem; i++) 
 printf(""%d "", p[i]); 
 free(p); 
 return 0; 
} 
 
ZADATAK 3 
a) O(n) Nagori slučaj nastupa kada je za svaki i p[i][i] != i. Tada se petlja (naredba if unutar nje) izvršava n 
puta. 
Ω(1) Najbolji slučaj nastupa kada je p[0][0] == 0, tada iskačemo s break; iz for-petlje nakon izvođenja 2 
naredbe. 
 
b) Složenost: O(logn) 
Broj n cijelo vrijeme dijelimo na pola. Zaustavljamo se kada je n postao 1 (tada je n/2 = 0). 
Treba odrediti koliko koraka treba da djeleći n sa dva, dođemo do 0, odnosno 1? 
Dakle u prvom koraku imamo broj n, u drugom n/2, pa n/4, ..., u k-tom koraku n/2k. Tražimo k za koji je 
n/2k = 1. Rješenje je k = log2 n. 
Zadatak 4: 
int broj_popunjenih (FILE *f) { 
 
zapis pretinac[C]; 
 
int i, j, popunjen, br=0; 
 
for (i = 0; i < M; i++) { 
 
 
fseek (f, i*BLOK, SEEK_SET); 
 
 
fread (pretinac, sizeof (pretinac), 1, f); 
 
 
popunjen = 1; 
 
 
for (j = 0; j < C; j++) { 
 
 
 
if (pretinac[j].sifra == 0) { 
 
 
 
 
popunjen = 0; 
 
 
 
 
break; 
 
 
 
 
 
} 
 
 
} 
 
 
if (popunjen) 
 
 
 
br++; 
 
} 
 
return br; 
} 

2. meñuispit iz predmeta",3,Vezana lista,0.08386747,,,,,,,,,,,0.6571428571428571
MI|2008-05-07|1,MI,2008-05-07,1,"Napišite rekurzivnu funkciju za sortiranje polja algoritmom sortiranja biranjem (selection sort). 
Prototip funkcije treba biti: 
 void RSort (int *polje, int n); 
 
Za traženje indeksa najmanjeg člana u polju koristite funkciju Najmanji: 
 int Najmanji(int *polje, int n); 
 
a za zamjenu vrijednosti dva elementa polja funkciju Zamijeni: 
 void Zamijeni(int *a, int *b); 
 
Napomene: 
Funkcije Najmanji i Zamijeni ne trebate implementirati. 
Nerekurzivno rješenje neće se priznavati.",0,Sortiranje,0.11286147,,,,,,,,,,,0.6896551724137931
MI|2008-05-07|2,MI,2008-05-07,2,"Neka je zadan tip podatka Stog za koji su definirane funkcije za inicijalizaciju stoga, dodavanje 
elementa na stog te za brisanje elementa sa stoga. Prototipovi navedenih funkcija su: 
void init_stog(Stog *stog); 
int dodaj(int element, Stog *stog); 
int skini(int *element, Stog *stog); 
 
Funkcije dodaj i skini vraćaju 1 ako je operacija dodavanja odnosno skidanja uspjela, a 0 inače. 
Napišite funkciju čiji je prototip: 
Stog Armstrong (Stog *stog, int *brojArmstrongovih); 
koja mora vratiti novi stog koji se sastoji od svih troznamenskastih Armstrongovih brojeva koji su 
se pojavili na ulaznom stogu stog. Broj je Armstrongov ako je jednak zbroju kubova svojih 
znamenki. 
 
Ulazni stog sadrži samo troznamenkaste brojeve. Funkcija preko argumenta 
brojArmstrongovih mora vratiti ukupan broj pronañenih troznamenkastih Armstrongovih 
brojeva na stogu. Poredak brojeva u novom stogu nije bitan. 
Nakon završetka funkcije Armstrong sadržaj ulaznog stoga mora ostati nepromijenjen. 
 
 
 
 
 
 
 

2. meñuispit iz predmeta Algoritmi i strukture podataka",1,Stog,0.074602984,,,,,,,,,,,0.14285714285714285
MI|2008-05-07|3,MI,2008-05-07,3,"Zadan je niz brojeva: 10, 8, 6, 3, 5, 9, 1, 2, 4, 7. 
 
Ilustrirajte (ispišite niz nakon svake zamjene dvaju elemenata) uzlazno sortiranje zadanog niza 
brojeva 
a) (2,5 boda) algoritmom quicksort. Stožer odaberite metodom aproksimacije medijana 
temeljem početnog, krajnjeg i srednjeg člana polja. 
 
b) (2,5 boda) algoritmom shellsort za niz koraka {4, 3, 1}",0,Sortiranje,0.029975856,,,,,,,,,,,0.034482758620689655
MI|2008-05-07|4,MI,2008-05-07,4,"Neka je zadan tip podatka Red za koji su definirane funkcije za inicijalizaciju reda, dodavanje 
elementa u red te za brisanje elementa iz reda. Prototipovi navedenih funkcija su: 
void init_red(Red *red); 
int dodaj(int element, Red *red); 
int skini(int *element, Red *red); 
 
Funkcije dodaj i skini vraćaju 1 ako je operacija dodavanja odnosno skidanja uspjela, a 0 inače. 
Napišite funkciju čiji je prototip: 
void IzbaciUzastopne(Red *red); 
koja će u zadanom redu ukloniti sva uzastopna ponavljanja brojeva. 
 
Primjer: Red brojeva 3 3 5 6 7 7 12 5 5 5 5 7 7 7 7 5 funkcija će promijeniti u 3 5 6 7 12 5 7 5. 

2. meñuispit iz predmeta Algoritmi i strukture podataka 
Rješenja 
 
1. zadatak 
void RSort (int *polje, int n) 
{ 
 
int indeks; 
 
if (n > 0) 
 
{ 
 
 
indeks = Najmanji(polje, n); 
 
 
Zamijeni(&polje[0], &polje[indeks]); 
 
 
RSort (polje+1, n-1); 
 
} 
} 
 
2. zadatak 
Stog Armstrong (Stog *stog, int *brojArmstrongovih) { 
 
 
 
Stog novi, temp; 
 
int broj; 
 
 
init_stog(&novi); 
 
init_stog(&temp); 
 
*brojArmstrongovih = 0; 
 
 
while (skini(&broj, stog)) { 
 
 
 
dodaj(broj, &temp); 
 
 if (broj == (pow(broj/100,3) + pow((broj/10)%10,3) + pow(broj%10,3))) { 
 
 
 
dodaj(broj, &novi); 
 
 
 
 
 
(*brojArmstrongovih)++; 
 
 
} 
 
} 
 
while (skini (&broj, &temp)) dodaj (broj, stog); 
 
 
return novi; 
} 
 
 
3. zadatak 
 
a) 
10 
8 
6 
3 
5 
9 
1 
2 
4 
7 
5 
8 
6 
3 
10 
9 
1 
2 
4 
7 
5 
8 
1 
3 
10 
9 
6 
2 
4 
7 
5 
8 
1 
2 
10 
9 
6 
3 
4 
7 
4 
8 
1 
2 
5 
9 
6 
3 
10 
7 
4 
7 
1 
2 
5 
8 
6 
3 
10 
9 
2 
7 
1 
4 
5 
8 
6 
3 
10 
9 
2 
5 
1 
4 
7 
8 
6 
3 
10 
9 
2 
3 
1 
4 
5 
8 
6 
7 
10 
9 
2 
3 
3 
4 
5 
8 
6 
7 
10 
9 
1 
2 
3 
4 
5 
8 
6 
7 
10 
9 
1 
2 
3 
4 
5 
6 
8 
7 
10 
9 
1 
2 
3 
4 
5 
6 
7 
8 
10 
9 
1 
2 
3 
4 
5 
6 
7 
8 
9 
10 

2. meñuispit iz predmeta Algoritmi i strukture podataka 
b) 
10 8 6 3 5 9 1 2 4 7 
stožer je: 7 
5 8 6 3 4 9 1 2 7 10 
5 2 6 3 4 9 1 8 7 10 
5 2 6 3 4 1 9 8 7 10 
5 2 6 3 4 1 7 8 9 10 
5 2 6 3 4 1 
stožer:5 
1 2 4 3 5 6 
1 2 4 3 
stožer:2 
1 4 2 3 
1 2 4 3 
 
1 2 3 4 5 6 7 8 9 10 
 
4. zadatak 
 
void IzbaciUzastopne(Red *red){ 
 
Red pom; int element, prethodni; 
 
init_red(&pom); 
 
 
if (skini(&element, red)){ 
 
 
prethodni = element; 
 
 
dodaj(element, &pom); 
 
 
while(skini(&element, red)){ 
 
 
 
if (element != prethodni) 
 
 
 
 
dodaj(element, &pom); 
 
 
 
prethodni = element; 
 
 
} 
 
 
while(skini(&element, &pom)){ 
 
 
 
 
 
dodaj(element, red); 
 
 
 
 
 
} 
 
} 
} 
 
 

Algoritmi i strukture podataka 
2. međuispit 
 
 
1. (4 bodova) Za zadani niz brojeva: 3, 2, 8, 6, 4, 10, 2, 1, 5, 7, 9, ilustrirati sortiranje 
postupkom quicksort tako da se kao stožer odabire prvi element u polju. Rješenje mora 
sadržavati izgled polja nakon svake zamjene dvaju elemenata. 
 
Jedan način 
3 2 8 6 4 10 2 1 5 7 9 
3 2 1 6 4 10 2 8 5 7 9 
3 2 1 2 4 10 6 8 5 7 9 
2 2 1 3 4 10 6 8 5 7 9 
1 2 2 3 4 10 6 8 5 7 9 
1 2 2 3 4 9 6 8 5 7 10 
1 2 2 3 4 7 6 8 5 9 10 
1 2 2 3 4 7 6 5 8 9 10 
1 2 2 3 4 5 6 7 8 9 10 
 
 
Drugi način (razlika je u 
zasjenjenom retku) 
3 2 8 6 4 10 2 1 5 7 9 
3 2 1 6 4 10 2 8 5 7 9 
3 2 1 2 4 10 6 8 5 7 9 
2 2 1 3 4 10 6 8 5 7 9 
2 1 2 3 4 10 6 8 5 7 9 
1 2 2 3 4 10 6 8 5 7 9 
1 2 2 3 4 9 6 8 5 7 10 
1 2 2 3 4 7 6 8 5 9 10 
1 2 2 3 4 7 6 5 8 9 10 
1 2 2 3 4 5 6 7 8 9 10 
 
 
2. (4 bodova) Za zadani niz brojeva: 3, 2, 8, 6, 4, 10, 2, 1, 5, 7, 9, ilustrirati sortiranje 
postupkom shellsort sa nizom koraka {4,2,1}. Rješenje mora sadržavati izgled polja 
nakon svake zamjene dvaju elemenata. 
 
 
3
2
8
6
4 10
2
1
5
7
9
3
2
2
6
4 10
8
1
5
7
9
3
2
2
1
4 10
8
6
5
7
9
3
2
2
1
4
7
8
6
5 10
9
2
2
3
1
4
7
8
6
5 10
9
2
1
3
2
4
7
8
6
5 10
9
2
1
3
2
4
6
8
7
5 10
9
2
1
3
2
4
6
5
7
8 10
9
1
2
3
2
4
6
5
7
8 10
9
1
2
2
3
4
6
5
7
8 10
9
1
2
2
3
4
5
6
7
8 10
9
1
2
2
3
4
5
6
7
8
9 10
 
 
 
 
 
 
 
 
 

3. (7 bodova) Na stog realiziran poljem spremaju se podaci o točkama iz koordinatnog 
sustava. Svaka točka predstavljena je sljedećom strukturom: 
 
struct tocka{ 
 
 
float x, y; 
} 
Napisati funkciju za stavljanje točke na stog i funkciju za skidanje točke sa stoga. Obje 
funkcije trebaju vratiti 1 ako su uspješno obavile posao, a 0 inače. 
Također, napisati rekurzivnu funkciju koja će korištenjem gore napisanih funkcija, bez 
korištenja pomoćnih polja ili stogova, ispisati sadržaj stoga na način da se prvo ispiše 
točka koja se nalazi na dnu stoga, a tek na kraju točka koja se nalazila na vrhu stoga. 
Nakon završetka rekurzivne funkcije, poredak točaka na stogu mora ostati nepromijenjen. 
 
 
int skini(struct tocka *stavka, struct tocka stog[], int *vrh){ 
 
if (*vrh < 0) return 0; 
 
*stavka = stog[*vrh]; 
 
(*vrh)--; 
 
return 1; 
} 
 
int dodaj (struct tocka stavka, struct tocka stog[], int n, int *vrh) { 
 if (*vrh >= n-1) return 0; 
 (*vrh)++; 
 stog[*vrh] = stavka; 
 return 1; 
} 
 
void ispis(struct tocka stog[], int n, int *vrh){ 
 
struct tocka t; 
 
if (skini(&t, stog, vrh)){ 
 
 
ispis(stog, n, vrh); 
 
 
printf(""%.2f %.2f\n"", t.x , t.y); 
 
 
dodaj(t, stog, n, vrh); 
 
} 
} 
 
 
 
 
 
 
 
 
 
 
 
 
 
 
 
 

4. (5 bodova) Za spremanje cijelih brojeva na stog definirana je klasa Stog koja ima 
jedan konstruktor i tri javne funkcije: 
 
Stog::Stog(); 
 
void Stog::Stavi(int element); 
 
void Stog::Skini(int *element); 
int Stog::Prazan(); 
Funkcija Prazan vraća 1 ukoliko je stog prazan, a 0 inače. 
 
Napisati funkciju koja će stvoriti novi stog koji će sadržavati sve one brojeve iz zadanog 
stoga koji su veći ili jednaki prosječnoj vrijednosti elemenata iz zadanog stoga. Poredak 
tih brojeva u novom stogu nije bitan. Redoslijed podataka na zadanom stogu mora ostati 
nepromijenjen. Funkcija mora imati prototip: 
 
 
Stog *veci_od_prosjeka(Stog *zadani); 
 
Napomena: Za klasu Stog nije definiran copy konstruktor. Možete pretpostaviti da u 
svakom objektu klase Stog ima dovoljno mjesta za dodavanje novih elemenata za stog. 
Smijete koristiti pomoćne stogove. 
 
Stog *veci_od_prosjeka(Stog *zadani){ 
 
Stog *novi = new Stog(), pom; 
 
int suma=0, el, br=0; float prosjek; 
 
while(!zadani->Prazan()){ 
 
 
zadani->Skini(&el); 
 
 
pom.Stavi(el); 
 
 
suma+=el; br++; 
 
} 
 
if (br>0) 
 
 
prosjek = (float) suma / br; 
 
while(!pom.Prazan()){ 
 
 
pom.Skini(&el); 
 
 
zadani->Stavi(el); 
 
 
if (el >= prosjek) 
 
 
 
novi->Stavi(el); 
 
} 
 
printf(""Prosjek = %.2f"", prosjek); 
 
return novi; 
}",2,Red,0.06855335,,,,,,,,,,,0.4166666666666667
ZI|2026-02-06|1,ZI,2026-02-06,1,"Zadan je razred BStablo kojim se implementira binarno stablo za traženje (za svaki čvor vrijedi: lijevo su upisani 
elementi koji su manji od elementa zapisanog u tom čvoru, a desno veći): 
template <typename T> class BStablo { 
public: 
 BStablo() : korijen(nullptr) {} 
 … 
protected: 
 struct Cvor { 
 
 T elem; 
 shared_ptr<Cvor> lijevo, desno; 
 Cvor(const T &novi): … 
 
 } 
 shared_ptr<Cvor> korijen; 
 … 
}; 
Primjer: Izgled originalnog stabla nakon dodavanja elemenata iz 
pomoćnog stabla koji nisu postojali u originalnom stablu. 
 
 
Potrebno je napisati javni funkcijski član dodajNove razreda BStablo koji će u stablo dodati elemente iz pomoćnog 
stabla koji nisu postojali u stablu (vidjeti primjer): 
void dodajNove(BStablo<T> &pomStablo); 
Dozvoljeno je koristiti pomoćni funkcijski član ili članove, koje također treba napisati. U nijednom funkcijskom članu 
nije dozvoljeno koristiti pomoćne strukture podataka (polja, liste, itd.). 
Potrebno je napisati odsječak glavnog programa u kojemu se definiraju potrebne varijable i poziva funkcijski član 
dodajNove. 
Napomena: Pretpostavite da su definirani svi potrebni operatori za tip T (za usporedbu itd.). Nijedna se vrijednost u 
stablu ne može pojaviti više puta, tj. u stablo ne mogu biti upisani duplikati.",4,Binarno stablo,0.055154838,ZI_svi_do_2026.pdf,1.0,10.0,30.0,0.3333333333,3.0,core,6.0,bst|queue,Zadatak 1. (10 bodova) Zadan je razred BStablo...,0.21052631578947367
ZI|2026-02-06|2,ZI,2026-02-06,2,"RJEŠENJE b) DIJELA ZADATKA UPISATI U PREDVIĐENI PROSTOR NA OVOME PAPIRU 

Zadan je usmjereni graf G = (V, E), čiji je skup vrhova V = {1, 2, 3, 4, 5}. 
Zadan je glavni program u kojemu je graf G definiran poljem koje predstavlja listu susjedstva (listaSusjedstva). 
Element listaSusjedstva[0] predstavlja listu susjeda vrha 1 (vrhovi 2, 3 i 4), element listaSusjedstva[1] 
predstavlja listu susjeda vrha 2, itd. Elementi vector-a, obidjeni označavaju jesu li pojedini vrhovi grafa obiđeni 
(element obidjeni[0] označava je li vrh 1 obiđen ili nije, element obidjeni[1] označava je li vrh 2 obiđen ili nije, 
itd). Svi elementi vector-a obidjeni su inicijalno postavljeni na false, što znači da niti jedan vrh grafa nije obiđen. 
int main(void) { 
 
const int BR_VRHOVA = 5; 
 
vector<int> listaSusjedstva[BR_VRHOVA] = {{2, 3, 4}, {1, 3}, {2, 5}, {1, 5}, {4}}; 
 
vector<bool> obidjeni(BR_VRHOVA, false); 
 
DFSR(listaSusjedstva, obidjeni, 1); 
 
return 0; 
} 
a) Potrebno je napisati funkciju DFSR koja obilazi graf rekurzivnim DFS algoritmom počevši od zadanog vrha (vrh) te 
ispisuje obiđene vrhove prema redoslijedu obilaska (neobiđene susjede vrhova grafa odabirati rastućim 
redoslijedom, tj. prvo susjedni vrh s najmanjom vrijednošću oznake vrha, pa zatim vrh s drugom najmanjom 
vrijednošću oznake vrha, itd.). Graf je zadan listom susjedstva (listaSusjedstva), a u funkciji je potrebno 

 
postaviti oznake kada se obiđe pojedini vrh (vector obidjeni). Vrhovi navedeni u listi susjedstva uvijek su 
poredani rastućim redoslijedom. Prototip funkcije je: 
void DFSR(vector<int> listaSusjedstva[], vector<bool>& obidjeni, int vrh); 
b) Počevši od vrha 1, napišite redoslijed obilaska vrhova rekurzivnim DFS algoritmom (neobiđene susjede vrhova 
grafa odabirati rastućim redoslijedom) za graf zadan u glavnom programu:",7,Graf,0.093477584,ZI_svi_do_2026.pdf,1.0,10.0,30.0,0.3333333333,3.0,core,6.0,graph|linked_list|queue,Zadatak 2. (10 bodova) Zadan je usmjereni graf...,0.5
ZI|2026-02-06|3,ZI,2026-02-06,3,"Web shop sadrži proizvode sa sljedećim cijenama: 
3, 9, 2, 7, 6, 4, 1, 5 
a) Za zadani niz cijena prikažite stvaranje gomile min-heap gdje se gomila gradi odjednom pozivima funkcije 
podesi. U svakom koraku u kojemu se obavlja zamjena trebaju biti označeni članovi polja koji su zamijenjeni te 
treba prikazati polje nakon svake zamjene. 
 
b) Web shop želi prikazati 3 najpovoljnija proizvoda na temelju min‑heap gomile iz a) dijela zadatka, bez potpunog 
sortiranja cijele liste. Korištenjem algoritma heapsort nad dobivenom min‑heap gomilom potrebno je prikazati 
sadržaj polja nakon tri uzastopna poziva funkcije podesi nad korijenskim čvorom.",5,Gomila,0.099373356,ZI_svi_do_2026.pdf,2.0,10.0,30.0,0.3333333333,3.0,core,3.0,heap,Zadatak 3. (10 bodova) Web shop sadrži proizvode...,0.8
ZI|2026-02-06|4,ZI,2026-02-06,4,"Zadana su sučelja koja služe implementaciji tablice raspršenog adresiranja. 
template <typename T, typename K> 
class IHashableValue { 
 public: 
 virtual K GetKey() const = 0; 
}; 
 
template <typename T, typename K> 
class IHash { 
 protected: 
 int size; 
 IHashableValue<T, K> **hash; 
 
 public: 
 IHashableValue<T, K> *Get(K key); 
 void Add(IHashableValue<T, K> *element); 
}; 
Svaki objekt koji se upisuje u tablicu raspršenog adresiranja implementira sučelje IHashableValue. Varijabla 
IHashableValue<T, K> **hash služi pohrani tablice raspršenog adresiranja, a varijabla size određuje veličinu 
tablice. 
Potrebno je napisati klasu HashLinearHashing koja implementira sučelje IHash tako da koristi tehniku otvorenog 
linearnog adresiranja. Klasa HashLinearHashing treba imati implementirane metode Add i Get. Potrebno je 
implementirati funkciju GetLoadFactor kojom se dohvaća trenutni faktor opterećenja hash-tablice 𝛼. 
Hash-tablicu treba dimenzionirati na 50000 zapisa (konstanta M). Potrebno je napisati glavni program kojim se hash-
tablica puni nasumičnim brojevima u intervalu [1000, 10000], sve dok se ne dostigne faktor opterećenja 𝛼 koji iznosi 
0,6. Kao funkciju raspršenja potrebno je koristiti unaprijed definiranu funkciju int Method1(int key).Ovu funkciju 
nije potrebno implementirati.",6,Hash tablica,0.034846712,ZI_svi_do_2026.pdf,2.0,10.0,30.0,0.3333333333,3.0,core,3.0,hashing,Zadatak 4. (10 bodova) Zadana su sučelja...,0.058823529411764705
ZI|2026-02-06|5,ZI,2026-02-06,5,"RJEŠENJA UPISATI NA OVOME PAPIRU 

Za zadane zadatke odgovor upišite u predviđena polja. 
a) (2 boda) Izračunati LPS polje koje 
se koristi u Knuth-Morris-Pratt 
algoritmu za niz prikazan u tablici: 
A 
A B B A A A 
 
 
 
 
 
 
 
 
b) (3 boda) Napišite funkciju GetHash kojom se računa sažetak (hash) 
zadanog znakovnog niza u algoritmu Rabin-Karp. 
 
 
Rješenje: 

 
Rješenje 
1.zadatak 
 
// javni funkcijski član: 
void dodajNove(BStablo<T>& pomStablo) { 
 dodajNove(korijen, pomStablo.korijen); 
} 
 
// pomoćni funkcijski članovi (protected): 
void dodaj(shared_ptr<Cvor>& cvor, const T& noviElem) { 
 if (cvor) { 
 if (cvor->elem < noviElem) 
 dodaj(cvor->desno, noviElem); 
 
 else if (cvor->elem > noviElem) 
 dodaj(cvor->lijevo, noviElem); 
 
 else {} // ne treba ništa, jer element postoji u stablu 
 } 
 else { 
 cvor = std::make_shared<Cvor>(noviElem); 
 } 
} 
 
// sve elemente koji ne postoje u trenutnom stablu, a postoje u novom stablu, dodati u 
// trenutno stablo 
void dodajNove(shared_ptr<Cvor>& korijen, shared_ptr<Cvor>& korijenNovi) { 
 // npr. inorder obilazak pomoćnog stabla; 
 if (korijenNovi) { 
 if (korijenNovi->lijevo) 
 dodajNove(korijen, korijenNovi->lijevo); 
 
 // dodaj novi element, ako ne postoji u stablu 
 dodaj(korijen, korijenNovi->elem); 
 
 if (korijenNovi->desno) 
 dodajNove(korijen, korijenNovi->desno); 
 } 
} 
 
// odsječak glavnog programa, npr. 
BStablo<int> bStablo, bStabloNovo; 
bStablo.dodajNove(bStabloNovo); 
 
 

 
2. zadatak 
 
a) DFSR 
 
void DFSR(vector<int> listaSusjedstva[], vector<bool>& obidjeni, int vrh) { 
 obidjeni[vrh - 1] = true; 
 cout << vrh << "" ""; 
 
 for (int v: listaSusjedstva[vrh - 1]) { 
 if (!obidjeni[v - 1]) 
 DFSR(listaSusjedstva, obidjeni, v); 
 } 
} 
 
b) DFSR obilazak 
1, 2, 3, 5, 4 
 
 
 

 
3. zadatak 
 
Min-heap 
 
3, 9, 2, 7, 6, 4, 1, 5 (podesi 7) 
3, 9, 2, 5, 6, 4, 1, 7 (podesi 2) 
3, 9, 1, 5, 6, 4, 2, 7 (podesi 9) 
3, 5, 1, 7, 6, 4, 2, 9 (podesi 3) 
1, 5, 2, 7, 6, 4, 3, 9 
 
 
Heapsort (prva tri poziva podesi) 
 
1, 5, 2, 7, 6, 4, 3, 9 (zamjena prvog i zadnjeg) 
9, 6, 4, 5, 3, 2, 3, 1 (podesi 9) 
2, 5, 3, 7, 6, 4, 9, 1 (zamjena prvog i zadnjeg) 
9, 5, 3, 7, 6, 4, 2, 1 (podesi 9) 
3, 5, 4, 7, 6, 9, 2, 1 (zamjena prvog i zadnjeg) 
9, 5, 4, 7, 6, 3, 2, 1 (podesi 9) 
4, 5, 9, 7, 6, 3, 2, 1 
 
Najpovoljnije cijene su 1, 2, 3 
 
 

 
4. zadatak 
 
#define M 50000 
#define KOEF 0.6 
 
 
template < typename T, typename K> 
class HashLinearHashing : public IHash<T, K> { 
private: 
 void Empty() { 
 size_t i; 
 for (i = 0; i < this->size; i++) { 
 this->hash[i] = nullptr; 
 } 
 } 
 //Method1 nije potrebno pisati 
 int Method1(int id) const { return id % M; } 
 
public: 
 void Add(IHashableValue<T, K>* element) { 
 int h1 = Method1(element->GetKey()); 
 int index; 
 for (int i = 0; i < this->size; i++) { 
 index = (h1 + i) % this->size; 
 if (this->hash[index] == nullptr) { 
 this->hash[index] = element; 
 break; 
 } 
 } 
 } 
 
 IHashableValue<T, K>* Get(K key) { 
 int h1 = Method1(key); 
 int index; 
 for (int i = 0; i < this->size; i++) { 
 index = (h1 + i) % this->size; 
 if (this->hash[index] != nullptr && (*this->hash[index]).GetKey() == key) { 
 return this->hash[index]; 
 } 
 } 
 return nullptr; 
 } 
 
 //kontruktor nije potrebno pisati 
 HashLinearHashing(size_t size) { 
 this->size = size; 
 this->hash = new IHashableValue<T, K>*[this->size]; 
 this->Empty(); 
 } 
 
 float GetLoadFactor() { 
 float n = 0; 
 for (int i = 0; i < this->size; i++) { 
 if (this->hash[i] != nullptr) { n++; } 
 } 
 return n/this->size; 
 } 
}; 
 
//ovu klasu nije potrebno pisati 
class HashElem : public IHashableValue<HashElem, int> { 
public: 
 int id; 
 HashElem(int id = 0) : id(id) { } 
 virtual int GetKey() const { return id; } 
}; 
 

 
 
 
int main() { 
 HashLinearHashing<HashElem, int> hash(M); 
 HashElem elem[M]; 
 srand(time(NULL)); // srand(time(nullptr)); 
 for (int i = 0; i < M; i++) { 
 elem[i] = rand() % 9001 + 1000; 
 hash.Add(&elem[i]); 
 if (hash. GetLoadFactor () > KOEF) 
 break; 
 } 
 cout << hash.GetLoadFactor() << endl; 
} 
 
 
 
 

 
5. zadatak 
 
a) 
 
A A B B A A A 
0 1 0 0 1 2 2 
 
b) 
 
#define D 256 
#define PRIME 251 
 
static int GetHash(string s, int startIndex, int length) { 
 int hash = 0; 
 for (int i = 0; i < length; i++) { 
 hash = (D * hash + s[i + startIndex]) % PRIME; 
 } 
 return hash; 
}",0,Sortiranje,0.07024069,ZI_svi_do_2026.pdf,2.0,5.0,10.0,0.5,2.0,detail,6.0,hashing|queue|string_algos,Zadatak 5. (5 bodova) Izračunati LPS polje...,0.5862068965517241
ZI|2025-02-07|1,ZI,2025-02-07,1,"Zadan je razred BStablo kojim se implementira binarno stablo za traženje (za svaki čvor: lijevo su upisani elementi 
koji su manji od elementa zapisanog u tom čvoru, a desno veći): 
template <typename T> class BStablo 
{ 
public: 
 BStablo() : korijen(nullptr) {} 
 void unos(const T& elem); 
 … 
protected: 
 struct Cvor { 
 
 T elem; 
 shared_ptr<Cvor> lijevo, desno; 
 Cvor(const T &novi) : … 
 
 } 
 shared_ptr<Cvor> korijen; 
 … 
}; 
 
Primjeri: 
jesuPotomci(3, 9, 7) treba 
vratiti true, jer su 3 i 9 zapisani u 
potomcima čvora u koji je zapisan 7; 
jesuPotomci(1, 3, 4) treba 
vratiti true, jer su 1 i 3 zapisani u 
potomcima čvora u koji je zapisan 4; 
jesuPotomci(1, 4, 3) treba 
vratiti false, jer 4 nije zapisan u 
potomku čvora u koji je zapisan 3; 
jesuPotomci(1, 4, 19) treba 
vratiti false, jer 19 nije zapisan u 
nijednome čvoru; 
a) Potrebno je napisati javni funkcijski član koji će provjeriti jesu li vrijednosti a i b upisane u potomcima čvora u koji 
je upisana vrijednost c (vidjeti primjere). Prototip funkcijskog člana je: 
bool jesuPotomci(const T& a, const T& b, const T& c); 
Ako vrijednosti a, b ili c nisu upisane u stablo, funkcijski član treba vratiti false. 
Dozvoljeno je koristiti pomoćni funkcijski član ili članove, koje također treba napisati. 
b) Potrebno je napisati odsječak glavnog programa u kojemu se definiraju potrebne varijable i poziva funkcijski član 
jesuPotomci. 
Napomena: Pretpostavite da su definirani svi potrebni operatori za tip T (za usporedbu itd.). Nijedna se vrijednost u 
stablu ne može pojaviti više puta, tj. u stablo ne mogu biti upisani duplikati.",4,Binarno stablo,0.062096797,ZI_svi_do_2026.pdf,9.0,10.0,30.0,0.3333333333,3.0,core,6.0,bst|queue,Zadatak 1. (10 bodova) Zadan je razred BStablo...,0.2631578947368421
ZI|2025-02-07|2,ZI,2025-02-07,2,"RJEŠENJA UPISATI U PREDVIĐENI PROSTOR NA OVOM PAPIRU 

Zadan je graf G = (V, E), čiji je skup vrhova V = {A, B, C, D, E, F, G} (vidjeti sliku). 
a) Počevši od vrha A, napišite redoslijed obilaska vrhova rekurzivnim DFS algoritmom (neobiđene susjede 
vrhova grafa odabirati abecednim redoslijedom). 
b) Može li se za graf G odrediti Eulerova staza s početkom u vrhu A? Ako je moguće, navedite redoslijed 
obilaska vrhova za Eulerovu stazu (ako postoji više rješenja, dovoljno je navesti jedno). Ako nije moguće 
odrediti Eulerovu stazu, kratko obrazložite zašto nije moguće. 
 
a) Rješenje (DFS rekurzivni): 
 
 
b) Rješenje:",7,Graf,0.07929166,ZI_svi_do_2026.pdf,9.0,10.0,30.0,0.3333333333,3.0,core,6.0,graph|queue,Zadatak 2. (10 bodova) Zadan je graf...,0.3333333333333333
ZI|2025-02-07|3,ZI,2025-02-07,3,"Zadan je niz brojeva: 
3, 9, 2, 7, 6, 4, 1, 5 
Za zadani niz brojeva prikažite stvaranje gomile max-heap pomoću algoritma čije je vrijeme izvođenja O(n log2 n) (za 
n članova polja). U svakom koraku algoritma u kojemu se obavlja zamjena trebaju biti označeni članovi polja koji su 
zamijenjeni te treba prikazati polje nakon svake zamjene. 
Nakon toga je potrebno korištenjem algoritma heapsort sortirati elemente polja uzlazno. Prikazati sadržaj polja 
nakon svakog poziva funkcije podesi nad korijenskim čvorom. Prikaz rada algoritma zaustaviti nakon trećeg poziva 
funkcije podesi nad korijenskim čvorom.",5,Gomila,0.048994947,ZI_svi_do_2026.pdf,10.0,10.0,30.0,0.3333333333,3.0,core,5.0,complexity|heap,Zadatak 3. (10 bodova) Zadan je niz brojeva...,0.4666666666666667
ZI|2025-02-07|4,ZI,2025-02-07,4,"Zadana su sučelja koja služe implementaciji tablice raspršenog adresiranja. 
template <typename T, typename K> 
class IHashableValue { 
 public: 
 virtual K GetKey() const = 0; 
}; 
 
template <typename T, typename K> 
class IHash { 
 protected: 
 size_t size; 
 IHashableValue<T, K> **hash 
 
 public: 
 IHashableValue<T, K> *Get(K key); 
 void Add(IHashableValue<T, K> *element); 
 
}; 
Svaki objekt koji se upisuje u tablicu raspršenog adresiranja implementira sučelje IHashableValue. Varijabla 
IHashableValue<T, K> **hash služi pohrani tablice raspršenog adresiranja, a varijabla size određuje veličinu 
tablice. 
Potrebno je napisati klasu HashDoubleHashing koja implementira sučelje IHash tako da koristi tehniku otvorenog 
adresiranja s dvostrukim raspršenim adresiranjem. Klasa HashDoubleHashing treba imati implementirane metode 
Add i Get. Potrebno je implementirati konstruktor i destruktor u kojima treba adekvatno zauzeti i osloboditi potrebnu 
memoriju. 
U hash-tablici se očekuje 10000 zapisa, a željeni faktor opterećenja 𝛼 iznosi 0,6 (ili treba biti blizak toj vrijednosti). 
Potrebno je napisati glavni program kojim se hash-tablica puni s 10000 nasumičnih brojeva u intervalu [1, 10000]. 
Prilikom definicije hash-tablice potrebno odabrati adekvatnu veličinu hash-tablice na način da se prilikom adresiranja 
omogući obilazak svih pozicija (pretinaca) u tablici. 
Kao funkcije raspršenja potrebno je koristiti unaprijed definirane funkcije 
int Method1(int key) 
i 
int Method2(int key). Ove funkcije nije potrebno implementirati.",6,Hash tablica,0.036034785,ZI_svi_do_2026.pdf,10.0,10.0,30.0,0.3333333333,3.0,core,3.0,hashing,Zadatak 4. (10 bodova) Zadana su sučelja...,0.17647058823529413
ZI|2025-02-07|5,ZI,2025-02-07,5,"RJEŠENJA UPISATI NA OVOME PAPIRU 

Za zadane zadatke odgovor upišite u predviđena polja. 
a) (3 boda) Izračunati LPS polje koje se koristi u Knuth-
Morris-Pratt algoritmu za niz prikazan u tablici: 
AAABBBAAAB 
 
A A A B B B A A A B 
 
 
 
 
 
 
 
 
 
 
b) (2 boda) Izračunajte Levenshteinovu udaljenost riječi 
„algoritmi“ i „al-khwarizmi“. 
 
Rezultat: LD = ______________________ 
 
 
 
 
 

 
 
 
Rješenje 
1.zadatak (10 bodova) 
a) 
// javni funkcijski član: 
bool jesuPotomci (const T& a, const T& b, const T& c) { 
return jesuPotomci(korijen, a, b, c); 
} 
 
// pomoćni funkcijski članovi (protected): 
bool trazi(shared_ptr<Node>& cvor, const T& elem) { 
 if (cvor) { 
 if (cvor->elem < elem) 
 return trazi(cvor->desno, elem); 
 else if (cvor->elem > elem) 
 return trazi(cvor->lijevo, elem); 
 else // nadjen 
 return true; 
 } 
 return false; 
} 
 
bool jesuPotomci(shared_ptr<Node>& cvor, const T& a, const T& b, const T& c) { 
 if (cvor) { 
 if (cvor->elem == c) { 
 bool nadjenA = a < c ? trazi(cvor->lijevo, a) : trazi(cvor->desno, a); 
 bool nadjenB = b < c ? trazi(cvor->lijevo, b) : trazi (cvor->desno, b); 
 
 
 
 return nadjenA && nadjenB; 
 } 
 else if (cvor->elem < c) { 
 return jesuPotomci(cvor->desno, a, b, c); 
 } 
 else { 
 return jesuPotomci(cvor->lijevo, a, b, c); 
 } 
 } 
 return false; 
} 
 
 
b) 
BStablo<int> bstablo = BStablo<int>(); 
cout << bstablo.jesuPotomci(3, 6, 4) << endl; 
 
2. zadatak (10 bodova = 2 x 5 bodova) 
a) DFSR (5 bodova) 
A D B F E G C 
 
b) Eulerova staza (5 bodova) 
Rješenja moraju početi u vrhu A i završiti u vrhu C. Jedno od mogućih rješenja: 
A D B F G D F E D C 
 
3. zadatak (10 bodova) 
 

 
maxheap (5 bodova) 
 
3 
3, 9 
9, 3, 2 
9, 3, 2, 7 
9, 7, 2, 3, 6 
9, 7, 2, 3, 6, 4 
9, 7, 4, 3, 6, 2, 1 
9, 7, 4, 3, 6, 2, 1, 5 
9, 7, 4, 5, 6, 2, 1, 3 
 
Heapsort (prva tri poziva podesi) (5 bodova) 
 
9, 7, 4, 5, 6, 2, 1, 3 
3, 7, 4, 5, 6, 2, 1, 9 (podesi 3) 
7, 6, 4, 5, 3, 2, 1, 9 
1, 6, 4, 5, 3, 2, 7, 9 (podesi 1) 
6, 5, 4, 1, 3, 2, 7, 9 
2, 5, 4, 1, 3, 6, 7, 9 (podesi 2) 
5, 3, 4, 1, 2, 6, 7, 9 
 
 
4. zadatak (10 bodova) 
 
template < typename T, typename K> 
class HashDoubleHashing : public IHash { 
private: 
 void Empty() { 
 size_t i; 
 for (i = 0; i < this->size; i++) { 
 hash[i] = nullptr; 
 } 
} 
 
public: 
 virtual void Add(IHashableValue<T, K>* element) const { 
 int h1 = Method1(element->GetKey()); 
 int h2 = Method2(element->GetKey()); 
 int index; 
 for (int i = 0; i < this->size; i++) { 
 index = (h1 + i * h2) % this->size; 
 if (hash[index] == nullptr) { 
 hash[index] = element; 
 break; 
 } 
 } 
 } 
 
 virtual IHashableValue<T, K>* Get(K key) const { 
 int h1 = Method1(key); 
 int h2 = Method2(key); 
 int index; 
 for (int i = 0; i < this->size; i++) { 
 index = (h1 + i * h2) % this->size; 
 if (hash[index] != nullptr && (*hash[index]).GetKey() == key) { 

 
 return hash[index]; 
 } 
 } 
 return nullptr; 
 } 
 
 HashDoubleHashing(size_t size) { 
 this->size = size; 
 this->hash = new IHashableValue<T, K>*[this->size]; 
 this->Empty(); 
 } 
 
 ~HashDoubleHashing() { delete[] this->hash; } 
} 
 
class HashElem : public IHashableValue<HashElem, int> { 
public: 
 int id; 
 HashElem(int id = 0) : id(id) { } 
 virtual int GetKey() const { return id; } 
}; 
 
 
#define M 10000 
#define KOEF 0.6 
#define M1 (int)(M / KOEF) 
int main() { 
 ... 
 M2 = najbliziPrimBroj(M1); 
 HashDoubleHashing<HashElem, int> hash(M2); 
 HashElem elem[M]; 
 srand(time(NULL)); // srand(time(nullptr)); 
 for (int i = 0; i < M; i++) 
 elem[i] = rand() % M + 1; 
 hash.Add(&elem[i]); 
 } 
 ... 
} 
 
 
5. zadatak 
 
 
 
a) (3 boda) Izračunati LPS polje koje se koristi u Knuth-
Morris-Pratt algoritmu za niz prikazan u tablici: 
 
A A A B B B A A A B 
0 1 2 0 0 0 1 2 3 4 
 
b) (2 boda) Izračunajte Levenshteinovu udaljenost riječi 
„algoritmi“ i „al-khwarizmi“. 
 
Rezultat: LD = 6 ______________________",3,Vezana lista,0.068950914,ZI_svi_do_2026.pdf,10.0,5.0,10.0,0.5,2.0,detail,6.0,queue|string_algos,Zadatak 5. (5 bodova) Izračunati LPS polje...,0.6
ZI|2023-02-02|1,ZI,2023-02-02,1,"Zadan je razred BStablo kojim se implementira binarno stablo: 
template <typename T> class BStablo { 
public: 
 BStablo() : korijen(nullptr) {} 
 void unos(const T& elem); 
 … 
protected: 
 struct Cvor { 
 
 T elem; 
 shared_ptr<Cvor> lijevo, desno; 
 Cvor(const T &novi) : … 
 
 } 
 shared_ptr<Cvor> korijen; 
 … 
}; 
 
Primjeri: 
brojPuteva(12) treba vratiti 3, 
jer postoje tri puta na kojima su svi 
elementi manji od 12 (4 --> 3 --> 1 
--> 2, 4 --> 6 --> 7, 4 --> 6 --> 5); 
brojPuteva(5) treba vratiti 1, jer 
postoji jedan put na kojemu su svi 
elementi manji od 5 (4 --> 3 --> 1--
> 2); 
brojPuteva(4) treba vratiti 0, jer 
ne postoji niti jedan put na kojemu 
su svi elementi manji od 4; 
a) Potrebno je napisati javni funkcijski član koji će odrediti i vratiti broj puteva koji počinju u korijenu stabla i 
završavaju u nekom od listova stabla, a gdje su vrijednosti svih elemenata na putu od korijena do lista (uključujući 
list) manje od zadane vrijednosti elem (vidjeti primjere). Prototip funkcijskog člana je: 
int brojPuteva(T elem); 
Dozvoljeno je koristiti pomoćni funkcijski član, koji također treba napisati. 
b) Potrebno je napisati odsječak glavnog programa u kojemu se definiraju potrebne varijable i poziva funkcijski član 
brojPuteva. 
c) Za svoju implementaciju funkcijskog člana brojPuteva navedite, ako je moguće, vrijeme izvođenja u Θ notaciji, a 
ako nije moguće, navedite vremena izvođenja u O i Ω notaciji. 
Napomena: Pretpostavite da su definirani svi potrebni operatori za tip T (za usporedbu itd.).",4,Binarno stablo,0.06345817,ZI_svi_do_2026.pdf,14.0,10.0,30.0,0.3333333333,3.0,core,6.0,bst|queue,Zadatak 1. (10 bodova) Zadan je razred BStablo...,0.05263157894736842
ZI|2023-02-02|2,ZI,2023-02-02,2,"RJEŠENJA UPISATI NA OVOME PAPIRU 

Zadan je graf G = (V, E), čiji je skup vrhova V = {A, B, C, D, E, F} (vidjeti sliku). Počevši od vrha A, napišite redoslijed 
obilaska vrhova sljedećim algoritmima (neobiđene susjedne vrhova grafa odabirati abecednim redoslijedom): 
 
a) nerekurzivni obilazak grafa u dubinu (DFS) 
 
Rješenje: 
b) nerekurzivni obilazak grafa u širinu (BFS) 
 
Rješenje:",7,Graf,0.09119817,ZI_svi_do_2026.pdf,14.0,10.0,30.0,0.3333333333,3.0,core,6.0,graph|queue,Zadatak 2. (10 bodova) Zadan je graf...,0.16666666666666666
ZI|2023-02-02|3,ZI,2023-02-02,3,"Zadan je niz brojeva: 
1, 7, 5, 4, 1, 2, 8 
Za zadani niz brojeva prikažite stvaranje gomile minheap pomoću algoritma čije je vrijeme izvođenja O(n) (za n 
članova polja). U svakom koraku algoritma u kojemu se obavlja zamjena trebaju biti označeni članovi polja koji su 
zamijenjeni te treba prikazati polje nakon svake zamjene. 
Nakon toga je potrebno korištenjem algoritma heapsort sortirati elemente polja silazno. Prikazati sadržaj polja 
nakon svakog poziva funkcije podesi nad korijenskim čvorom. Prikaz rada algoritma zaustaviti nakon trećeg poziva 
funkcije podesi nad korijenskim čvorom.",5,Gomila,0.05326886,ZI_svi_do_2026.pdf,15.0,10.0,30.0,0.3333333333,3.0,core,5.0,complexity|heap,Zadatak 3. (10 bodova) Zadan je niz brojeva...,0.5333333333333333
ZI|2023-02-02|4,ZI,2023-02-02,4,"Zadana su sučelja koja služe implementaciji tablice raspršenog adresiranja. 
template <typename T, typename K> 
class IHashableValue { 
 public: 
 virtual K GetKey() const = 0; 
}; 
 
template <typename T, typename K> 
class IHash { 
 protected: 
 size_t size; 
 IHashableValue<T, K> **hash; 
 
 public: 
 IHashableValue<T, K> *Get(K key); 
 void Add(IHashableValue<T, K> *element); 
 float AvgCollisions(); 
}; 
Svaki objekt koji se upisuje u tablicu raspršenog adresiranja implementira sučelje IHashableValue. Varijabla 
IHashableValue<T, K> **hash služi pohrani tablice raspršenog adresiranja, a varijabla size određuje veličinu 
tablice. 
Potrebno je napisati klasu HashChaining koja implementira sučelje IHash tako da koristi ulančavanje. Klasa 
HashChaining treba imati implementirane metode Add, Get i AvgCollisions. 
Metoda AvgCollisions vraća prosječni broj kolizija koji se dogodio prilikom unosa elemenata u hash-tablicu. Primjer 
za hash-tablicu veličine 3 je prikazan tablično. 
Indeks 
Upisano 
Napomena 
Prosječan broj kolizija za navedeni primjer 
je 1 = (2 + 0 + 1)/3. 
 
0 
a, b, c 
Upisana tri elementa (dvije kolizije) 
1 
b 
Upisan jedan element (nula kolizija) 
2 
c, d 
Upisana dva elementa (jedna kolizija) 
Napomena: Potrebno je implementirati sve dodatne klase koje nedostaju da bi hash ulančavanjem bio funkcionalan. 
Konstruktor i destruktor nije potrebno implementirati. 
Kao funkciju raspršenja potrebno je koristiti unaprijed definiranu funkciju int HashMultiplicationMethod1(int key, 
int hash_size). Tu funkciju nije potrebno implementirati.",6,Hash tablica,0.037110437,ZI_svi_do_2026.pdf,15.0,10.0,30.0,0.3333333333,3.0,core,3.0,hashing,Zadatak 4. (10 bodova) Zadana su sučelja...,0.4117647058823529
ZI|2023-02-02|5,ZI,2023-02-02,5,"RJEŠENJA UPISATI NA OVOME PAPIRU 

Za zadane zadatke odgovor upišite u predviđena polja. 
a) (3 boda) Izračunati LPS polje koje se koristi u Knuth-
Morris-Pratt algoritmu za niz prikazan u tablici: 
 
A B C C B B B C C B 
 
 
 
 
 
 
 
 
 
 
 
b) (2 boda) Izračunajte Levenshteinovu udaljenost riječi 
„mala“ i „galama“. 
 
Rezultat: LD = ______________________ 
 
 
 
 
 

 
Rješenje 
1.zadatak (10 bodova) 
a) 
// javni funkcijski član: 
int brojPuteva(T elem) { 
 
return brojPuteva (korijen, elem); 
} 
 
// pomoćni funkcijski član (protected): 
 
int brojPuteva (shared_ptr<Cvor>& cvor, T elem) { 
if (!cvor) return 0; 
 
// list 
 
if (!cvor->lijevo && !cvor->desno) 
 
 
return cvor->elem < elem ? 1: 0; 
 
 
// unutarnji čvor ili korijen 
 
if (cvor->elem >= elem) return 0; 
 
// else 
 
int brLijevo = brojPuteva (cvor->lijevo, elem); 
 
int brDesno = brojPuteva (cvor->desno, elem); 
 
return brLijevo + brDesno; 
} 
 
b) 
// odsječak glavnog programa 
BStablo<int> bstablo = BStablo<int>(); 
cout << bstablo.brojPuteva(5) << endl; 
 
c) 
 
Ω(1), O(n) za n čvorova u stablu 
 
2. zadatak (10 bodova) 
 
a) DFS 
A F E D C B 
 
b) BFS 
 
A B C D F E 
 
 
3. zadatak (10 bodova) 
 
Minheap 
 
1, 7, 5, 4, 1, 2, 8 
1, 7, 2, 4, 1, 5, 8 
1, 1, 2, 4, 7, 5, 8 
 
Heapsort (prva tri poziva podesi) 
 
1, 1, 2, 4, 7, 5, 8 
8, 1, 2, 4, 7, 5, 1 (podesi) 

 
1, 4, 2, 8, 7, 5, 1 
5, 4, 2, 8, 7, 1, 1 (podesi) 
2, 4, 5, 8, 7, 1, 1 
7, 4, 5, 8, 2, 1, 1 (podesi) 
4, 7, 5, 8, 2, 1, 1 
 
 
4. zadatak (10 bodova) 
 
template <typename T, typename K> class HashElement { 
 public: 
 IHashableValue<T, K> *value; 
 HashElement *next; 
 HashElement(IHashableValue<T, K> *value) { this->value = value; } 
}; 
 
 
template <typename T, typename K> class HashChaining : public IHash<T, K> { 
 private: 
 HashElement<T, K> **hash; 
 
 public: 
 virtual void Add(IHashableValue<T, K> *element) const { 
 int i = HashMultiplicationMethod1(element->GetKey(), this->size); 
 HashElement<T, K> *el = new HashElement<T, K>(element); 
 el->next = hash[i]; 
 hash[i] = el; 
 } 
 
 virtual IHashableValue<T, K> *Get(K key) const { 
 int i = HashMultiplicationMethod1(key, this->size); 
 HashElement<T, K> *head; 
 for (head = hash[i]; head && (head->value->GetKey() != key); 
 head = head->next) 
 ; 
 if (head == nullptr) 
 return nullptr; 
 return head->value; 
 } 
 
 float AvgCollisions(){ 
 int colls = 0; 
 for(int i=0; i<this->size; i++){ 
 if(hash[i] != nullptr){ 
 HashElement<T, K> *pom = hash[i]; 
 pom = pom->next; 
 while(pom){ 
 colls++; 
 pom = pom->next; 
 } 
 } 
 } 
 return (float)colls/this->size; 
 } 
}; 
 

 
 
5. zadatak 
 
 
a) (3 boda) Izračunati LPS polje koje se koristi u Knuth-
Morris-Pratt algoritmu za niz prikazan u tablici: 
 
A B C C B 
B B 
C C 
B 
0 0 0 0 0 0 0 0 0 0 
 
b) (2 boda) Izračunajte Levenshteinovu udaljenost riječi 
„mala“ i „galama“. 
 
Rezultat: LD = 3 ______________________ 
 
 

 
e",10,KMP,0.086919114,ZI_svi_do_2026.pdf,15.0,5.0,10.0,0.5,2.0,detail,6.0,queue|string_algos,Zadatak 5. (5 bodova) Izračunati LPS polje...,1.0
ZI|2023-01-27|1,ZI,2023-01-27,1,"Zadan je razred BStablo kojim se implementira binarno stablo i razred Stog kojim se implementira stog: 
template <typename T> class BStablo{ 
public: 
 BStablo() : korijen(nullptr) {} 
 void unos(const T& elem); 
 … 
protected: 
 struct Cvor { 
 
 T elem; 
 shared_ptr<Cvor> lijevo, desno; 
 Cvor(const T &novi) : … 
 
 } 
 shared_ptr<Cvor> korijen; 
 … 
}; 
template <class T> 
class Stog { 
… 
public: 
 Stog(); 
 bool dodaj(T item); 
 bool skini(T &item); 
}; 
 
Potrebno je napisati javni funkcijski član odrediPut razreda BStablo koji će za zadani element el odrediti sve 
vrijednosti čvorova na putu od korijena do čvora koji sadrži zadani element, uključujući i taj element (vidjeti primjere). 
Vrijednosti treba spremati na stog (argument put), tako da na dnu stoga bude zadani element. Pretpostaviti da u stablo 
mogu biti upisane samo jedinstvene vrijednosti, tj. nema duplikata. Ako je element el sadržan u stablu, funkcija treba 
vratiti true, a inače false. Funkcijski član zadan je prototipom: 
bool odrediPut(Stog<T>& put, const T& el); 
Potrebno je napisati odsječak glavnog programa u kojemu se definiraju potrebne varijable (za binarno stablo, stog, …), 
poziva funkcijski član odrediPut za neku zadanu vrijednost te ispisuju vrijednosti na putu od korijena do čvora sa 
zadanom vrijednošću (kao u primjerima). Ako zadana vrijednost nije u stablu, ispisati poruku: ""Element nije u 
stablu."" Ne treba pisati programski kod za dodavanje elemenata u binarno stablo i stog. 
Naputak: Dozvoljeno je koristiti pomoćne funkcijske članove. Pretpostavite da su definirani svi potrebni operatori za 
tip T (za usporedbu, ispis, …). 
Primjeri (za binarno stablo zadano na slici): 
Zadani element (el) 
Ispis u glavnom programu nakon poziva odrediPut 
1 
4 -3 1 
8 
4 5 10 8 
4 
4 
-4 
Element nije u stablu.",4,Binarno stablo,0.06874627,,,,,,,,,,,0.3157894736842105
ZI|2023-01-27|2,ZI,2023-01-27,2,"RJEŠENJA UPISATI NA OVOME PAPIRU 

Zadan je graf G = (V, E), skup vrhova V = {A, B, C, D, E} te matrica susjedstva vrhova M. Počevši od vrha A, napišite 
redoslijed obilaska vrhova sljedećim algoritmima (neobiđene susjedne vrhova grafa odabirati abecednim 
redoslijedom): 
M A B C D E 
A 
0 1 1 1 
0 
B 
1 0 0 0 
0 
C 
1 0 0 0 
1 
D 
1 0 0 0 
0 
E 
0 0 1 0 
0 
a) nerekurzivni obilazak grafa u dubinu (DFS) 
 
Rješenje: 
b) rekurzivni obilazak grafa u dubinu (DFSR) 
 
Rješenje: 
4 
-3 
5 
1 
2 
10 
8",7,Graf,0.07872778,,,,,,,,,,,0.0
ZI|2023-01-27|3,ZI,2023-01-27,3,"Zadan je niz brojeva: 
8, 5, 7, 2, 1, 4, 4, 9 
Ilustrirajte uzlazno sortiranje algoritmom quicksort. Stožer se odabire metodom aproksimacije medijana temeljem 
prvog, srednjeg i zadnjeg člana. Zadan je cutoff = 3 nakon čega se sortira bez navođenja koraka. 
Potrebno je prikazati sadržaj polja nakon svake promjene.",0,Sortiranje,0.041548036,,,,,,,,,,,0.10344827586206896
ZI|2023-01-27|4,ZI,2023-01-27,4,"Zadana su sučelja koja služe implementaciji tablice raspršenog adresiranja. 
template <typename T, typename K> 
class IHashableValue { 
 public: 
 virtual K GetKey() const = 0; 
}; 
 
template <typename T, typename K> 
class IHash { 
 protected: 
 size_t size; 
 IHashableValue<T, K> **hash; 
 
 public: 
 IHashableValue<T, K> *Get(K key); 
 void Add(IHashableValue<T, K> *element); 
 float AvgCollisions(); 
}; 
Svaki objekt koji se upisuje u tablicu raspršenog adresiranja implementira sučelje IHashableValue. Varijabla 
IHashableValue<T, K> **hash služi pohrani tablice raspršenog adresiranja, a varijabla size određuje veličinu 
tablice. 
Potrebno je napisati klasu HashDoubleHashing koja implementira sučelje IHash tako da koristi tehniku otvorenog 
adresiranja s dvostrukim raspršenim adresiranjem. Klasa HashDoubleHashing treba imati implementirane metode 
Add, Get i AvgCollisions. 
Metoda AvgCollisions vraća prosječni broj kolizija koji se dogodio prilikom unosa elemenata u hash tablicu. Primjer 
za hash-tablicu veličine 5 je prikazan tablično. 
Indeks 
Upisano 
Napomena 
U navedenom su primjeru elementi a, b i c 
upisani uz kolizije. Prosječan broj kolizija 
za navedeni primjer je 1.33 = (1 + 1 + 2)/3. 
U izračun ulaze samo elementi kod kojih 
je barem jednom došlo do kolizije. 
 
0 
a 
Trebao je biti upisan na poziciju 4 (jedna kolizija) 
1 
b 
Trebao je biti upisan na poziciju 0 (jedna kolizija) 
2 
c 
Trebao je biti upisan na poziciju 0 (dvije kolizije) 
3 
d 
Upisan je bez kolizije 
4 
e 
Upisan je bez kolizije 
Napomena: Konstruktor i destruktor nije potrebno implementirati. 
Kao funkcije raspršenja potrebno je koristiti unaprijed definirane funkcije int HashMultiplicationMethod1(int key) i 
int HashMultiplicationMethod2(int key). Ove funkcije nije potrebno implementirati.",6,Hash tablica,0.048264325,,,,,,,,,,,0.23529411764705882
ZI|2023-01-27|5,ZI,2023-01-27,5,"Zadana je funkcija za izmjenu sažetka (hasha) ReHash koja se koristi u algoritmu Rabin-Karp za pretraživanje znakovnih 
nizova. Nadopunite linije koje nedostaju. 
Napomena: currentHash je trenutna hash-vrijednost, oldFirst stara prva znamenka niza, newLast nova 
zadnja znamenka niza, MOST_SIG_DIG zadana konstanta jedinične veličine prve znamenke hasha, D=256 (raspon 
jednog znaka), a PRIM prvi prosti broj manji od D. 
int reHash(int currentHash, int oldFirst, int newLast){ 
 int newHash = currentHash – MOST_SIG_DIG * oldFirst; 
 newHash = _____________________ * D; 
 newHash = newHash + newLast; 
 newHash = newHash % ____________ 
 if(newHash < 0) 
 newHash += PRIM; 
 return ___________; 
} 
Rješenje: 
 
__________________ 
__________________ 
 
 
__________________ 

 
Rješenje: 
 
1. zadatak (10 bodova) 
 
// Javni funkcijski član: 
bool odrediPut(Stog<T>& put, const T& el) { 
 return odrediPut(korijen, put, el); 
} 
 
// Pomoćni funkcijski član (protected): 
 
bool odrediPut(shared_ptr<Cvor>& cvor, Stog<T>& put, const T& el) { 
 if (cvor) { 
 if (cvor->elem == el) { // pronadjen je element cime je put okoncan 
 put.dodaj(el); // prvi element koji se dodaje u put 
 return true; 
 } 
 // provjeri je li element u lijevom ili desnom podstablu 
 else if (odrediPut(cvor->lijevo, put, el) || odrediPut(cvor->desno, put, el)) { 
 // ako je cvor na putu do elementa, dodaj njegovu vrijednost u put 
 put.dodaj(cvor->elem); 
 return true; 
 } 
 } 
 return false; 
} 
 
// odsječak glavnog programa 
Stog<int> put; 
BStablo<int> bstablo = BStablo<int>(); 
int el = 12, vr; 
… 
if (bTree.odrediPut(put, el)) { 
 while (put.skini(vr)) 
 cout << vr << "" ""; 
 cout << endl; 
} 
else { 
 cout << ""Element nije u stablu."" << endl; 
} 
 
 
2. zadatak (10 bodova) 
 
a) nerekurzivni obilazak grafa u dubinu (DFS) 
Rješenje: A D C E B 
 
b) rekurzivni obilazak grafa u dubinu (DFSR) 
Rješenje: A B C E D 
 
 
 

 
 
3. zadatak (10 bodova) 
 
8 5 7 2 1 4 4 9 
odabir stožera (8) 
2 5 7 8 1 4 4 9 
skrivanje stožera (zamjena 8 i 4) 
2 5 7 4 1 4 8 9 
(nema zamjena; stožer ostaje na predzadnjem mjestu) 
2 5 7 4 1 4 8 9 
odabir stožera u lijevom potpolju (4) 
2 5 4 4 1 7 8 9 
skrivanje stožera (zamjena 1 i 4) 
2 5 1 4 4 7 8 9 
zamjena 4 i 5 
2 4 1 5 4 7 8 9 
vraćanje stožera 
2 4 1 4 5 7 8 9 
stožer vraćen 
2 4 1 4 5 7 8 9 
izravno sortiranje lijevog potpolja (2, 4, 1) 
1 2 4 4 5 7 8 9 
1 2 4 4 5 7 8 9 
izravno sortiranje desnog potpolja (5, 7) 
1 2 4 4 5 7 8 9 
izravno sortiranje desnog potpolja (9) 
1 2 4 4 5 7 8 9 
 
 
 
4. zadatak (10 bodova) 
 
template <typename T, typename K> class HashDoubleHashing : public IHash<T, K> { 
 private: 
 IHashableValue<T, K> **hash; 
 
 public: 
 virtual void Add(IHashableValue<T, K> *element) const { 
 int h1 = HashDoubleHashing1(element->GetKey()); 
 int h2 = HashDoubleHashing2(element->GetKey()); 
 int index; 
 for (int i = 0; i < this->size; i++) { 
 index = (h1 + i * h2) % this->size; 
 if (hash[index] == nullptr) { 
 hash[index] = element; 
 break; 
 } 
 } 
 } 
 virtual IHashableValue<T, K> *Get(K key) const { 
 int h1 = HashDoubleHashing1(key); 
 int h2 = HashDoubleHashing2(key); 
 int index; 
 for (int i = 0; i < this->size; i++) { 
 index = (h1 + i * h2) % this->size; 
 if (hash[index] != nullptr && (*hash[index]).GetKey() == key) { 
 return hash[index]; 
 } 
 } 
 return nullptr; 
 } 
 float AvgCollisions(){ 
 int sum = 0; 
 int n = 0; 
 for (int i = 0; i < this->size; i++) { 
 IHashableValue<T, K> *tmp = hash[i]; 
 if (tmp != nullptr) { 
 int key = tmp->GetKey(); 
 int h1 = HashDoubleHashing1(key); 
 int h2 = HashDoubleHashing2(key); 
 int index = (h1 + 0 * h2) % this->size; 
 cout << index << "" "" << i << std::endl; 

 
 if (index == i) { 
 //element in its position 
 } 
 else{ 
 sum += (i - index + this->size) % this->size; 
 n++; 
 } 
 } 
 } 
 return (float)sum / n; 
 } 
}; 
 
5. zadatak (5 bodova) 
 
 
newHash 
 
PRIM 
 
newHash",3,Vezana lista,0.084621176,,,,,,,,,,,0.45714285714285713
ZI|2022-01-28|1,ZI,2022-01-28,1,"Zadan je razred BStablo kojim se implementira binarno stablo: 
template <typename T> class BStablo { 
public: 
 BStablo() : korijen(nullptr) {} 
 void unos(const T& elem); 
 … 
protected: 
 struct Cvor { 
 
 T elem; 
 
shared_ptr<Cvor> lijevo, desno; 
 
Cvor(const T &novi) : … 
 
 
 } 
 shared_ptr<Cvor> korijen; 
 void unos(shared_ptr<Cvor>& cvor, 
 const T& elem); 
}; 
 
a) Potrebno je napisati javni funkcijski član zamijeniVecim razreda BStablo, koji će vrijednost čvora zadanog stabla 
zamijeniti s vrijednošću čvora koji je na istom mjestu u drugom stablu (drugoBS) i to samo ako je vrijednost čvora 
stabla drugoBS veća od vrijednosti čvora zadanog stabla. U slučaju da na nekom mjestu u zadanom stablu ne 
postoji čvor, a na istom mjestu u stablu drugoBS čvor postoji, tada treba stvoriti novi čvor u zadanom stablu i u 
njega upisati vrijednost čvora na istom mjestu u stablu drugoBS (koristiti funkcijski član unos). 
Funkcijski član zamijeniVecim treba vratiti ukupan broj zamijenjenih i novoupisanih vrijednosti u zadanom stablu 
(za primjer na slici funkcija treba vratiti 4, jer su obavljene jedna zamjena i tri dodavanja novih čvorova u zadano 
stablo). Funkcijski član zamijeniVecim zadan je prototipom: 
int zamijeniVecim(BStablo<T> drugoBS); 
Napomene: članske funkcije unos (dvije funkcije s modifikatorima vidljivosti public i protected) već su zadane 
(vidjeti razred BStablo) i ne treba ih implementirati. Članska funkcija void unos(Cvor**, const T& elem); 
alocira memorijski prostor za novi čvor i u njega pohranjuje vrijednost elem. 
Za realizaciju članske funkcije zamijeniVecim dozvoljeno je koristiti i pomoćne funkcijske članove i pomoćne 
funkcije. Pretpostavite da su definirani operatori usporedbe i operator pridruživanja za tip T. 
b) Napišite odsječak glavnog programa u kojemu se poziva funkcijski član zamijeniVecim.",4,Binarno stablo,0.05747664,,,,,,,,,,,0.10526315789473684
ZI|2022-01-28|2,ZI,2022-01-28,2,"Zadan je niz brojeva: 
9, 0, 8, 4, 1, 3, 4, 2 
Ilustrirajte uzlazno sortiranje algoritmom Shellsort s koracima {5, 2, 1}. Potrebno je prikazati sadržaj polja nakon 
svake promjene.",0,Sortiranje,0.12578566,,,,,,,,,,,0.9310344827586207
ZI|2022-01-28|3,ZI,2022-01-28,3,"Zadan je niz brojeva: 
2, 3, 6, 4, 5, 2 
Za zadani niz brojeva prikažite stvaranje gomile maxheap pomoću algoritma čije je vrijeme izvođenja O(n) (za n 
članova polja). U svakom koraku algoritma u kojemu se obavlja zamjena trebaju biti označeni članovi polja koji su 
zamijenjeni te treba prikazati polje nakon svake zamjene. 
Počevši od gomile kreirane u prvome dijelu zadatka, prikažite uzlazno sortiranje zadanog niza heapsortom, 
prikazujući svaki korak sortiranja (navedite sadržaj polja nakon svake promjene).",5,Gomila,0.04760642,,,,,,,,,,,0.4
ZI|2022-01-28|4,ZI,2022-01-28,4,"Potrebno je napisati rekurzivnu člansku funkciju zadane klase DGraph koja će, nakon što je izvršen Dijkstrin algoritam 
za početni čvor v0, ispisati najkraći put od čvora v0 do čvora zadanog argumentom funkcije. Funkcija treba imati 
prototip: void PrintPath(Vertex<int>* v);. Zadane su klase Vertex i DGraph. 
template<typename T> class Vertex{ 
 public: 
 T item; 
 vector<Vertex<T>*> next; 
 vector<double> weights; 
 Vertex<T>* previous = nullptr; 
 double distance = INFINITY; 
 bool traversed = false; 
 Vertex(T item) {this->item = item;} 
}; 
 
class DGraph{ 
 public: 
 Vertex<int>* v0; 
 vector<Vertex<int>*> allVertices; 
 DGraph(){ /* kôd za kontruktor klase */ } 
 void Dijkstra(){ /* implementacija Dijk. Algor, */ } 
 void PrintPath(Vertex<int>* v){ 
 
//funkcija koju je potrebno napisati 
 } 
}; 
Klasa Vertex modelira čvor grafa: next je vektor susjednih čvorova, weights udaljenosti do susjednih čvorova (za zadani 
čvor, udaljenost do čvora next[i] iznosi weights[i]), previous je pokazivač na prethodni čvor nakon što je obavljen 
Dijkstrin algoritam, distance je najkraća udaljenost do čvora nakon što je obavljen Dijkstrin algoritam, te traversed 
varijabla koja govori je li čvor već obiđen tijekom izvršavanja Dijkstgrinog algoritma. Klasa DGraph modelira graf nad 
kojim se pokreće Dijkstrin algoritam. v0 je početni čvor Dijkstrinog algoritma, allVertices vektor koji pohranjuje sve 
čvorove grafa, DGraph() konstruktor, a Dijkstra() implementacija Dijkstrinog algoritma (koju ne treba pisati).",8,Rekurzija,0.13127744,,,,,,,,,,,1.0
ZI|2022-01-28|5,ZI,2022-01-28,5,"Izračunati LPS polje koje se koristi u Knuth-Morris-Pratt algoritmu za niz AACCBAAACCBAAC. 
A 
A 
C 
C 
B 
A 
A 
A 
C 
C 
B 
A 
A 
C",10,KMP,0.11013031,,,,,,,,,,,0.5
ZI|2022-01-28|6,ZI,2022-01-28,6,"Zadana su sučelja koja služe implementaciji tablice raspršenog adresiranja. 
… 
template <typename T, typename K> class IHashableValue { 
 public: 
 virtual K GetKey() const = 0; 
}; 
template <typename T, typename K> class HashElement { 
 public: 
 IHashableValue<T, K> *value; 
 HashElement *next; 
 HashElement(IHashableValue<T, K> *value) { this->value = value; } 
}; 
template <typename T, typename K> class IHash { 
 protected: 
 size_t size; 
 HashElement<T, K> **hash; 
 public: 
 virtual void Add(IHashableValue<T, K> *element) const = 0; 
 virtual IHashableValue<T, K> *Get(K key) const = 0; 
}; 
Svaki objekt ili zapis koji se upisuje u tablicu raspršenog adresiranja implementira sučelje IHashableValue. Varijabla 
HashElement<T, K> **hash služi pohrani tablice raspršenog adresiranja, a varijabla size određuje njenu veličinu. 
a) Potrebno je napisati klasu HashChaining koja implementira sučelje IHash tako da koristi tehniku ulančavanja. 
Klasa HashChaining treba imati implementirane metode Add i Get. Za određivanje adrese pretinca koristi se 
hash funkcija HashChangeBaseMethod. 
b) Potrebno je napisati funkciju raspršenja int HashChangeBaseMethod(int key, size_t hashSize); koja koristi 
metodu izmjene baze brojanja. Bazu brojanja treba promijeniti iz 10 u 11. 
Napomena: Konstruktor i destruktor nije potrebno implementirati. U funkciji HashChangeBaseMethod se nakon izmjene 
baze brojanja obavlja transformacija u raspon adresa hash tablice (hashSize) korištenjem operacije modulo (%). 

 
Rješenja: 
1. zadatak (9 bodova) 
 
template <typename T> int BinaryTree<T>::zamijeniVecim(BinaryTree <T> drugoBS) { // public 
 return zamijeniVecim(korijen, drugoBS.korijen); 
} 
 
template <typename T> int BinaryTree<T>::zamijeniVecim(shared_ptr<Node>& cvor, shared_ptr<Node> 
cvor2) { // protected 
 if (cvor2) { 
 int izmjena = 0; 
 if (cvor) { 
 if (cvor2->elem > cvor->elem) { // zamijeni vecim 
 cvor->elem = cvor2->elem; 
 ++izmjena; 
 } 
 } 
 else { // novi cvor 
 unos(cvor, cvor2->elem); 
 ++izmjena; 
 } 
 return izmjena + zamijeniVecim(cvor->lijevo, cvor2->lijevo) + 
 zamijeniVecim(cvor->desno, cvor2->desno); 
 } 
 return 0; 
} 
 
 
b) Odsječak glavnog progama, npr.: 
BStablo<int> bs = BStablo<int>(); 
BStablo<int> drugoBS = BStablo<int>(); 
std::cout << bs.zamijeniVecim(drugoBS); 
 
 
2. zadatak (8 bodova) 
9, 0, 8, 4, 1, 3, 4, 2 
Korak = 5 
9 0 8 4 1 9 4 2 
3 0 8 4 1 9 4 2 
3 0 8 4 1 9 4 8 
3 0 2 4 1 9 4 8 
 
 
 
Korak = 2 
3 0 3 4 1 9 4 8 
2 0 3 4 1 9 4 8 
2 0 3 4 3 9 4 8 
2 0 2 4 3 9 4 8 
1 0 2 4 3 9 4 8 
1 0 2 4 3 9 4 9 
1 0 2 4 3 8 4 9 
Korak = 1 
1 1 2 4 3 8 4 9 
0 1 2 4 3 8 4 9 
0 1 2 4 4 8 4 9 
0 1 2 3 4 8 4 9 
0 1 2 3 4 8 8 9 
0 1 2 3 4 4 8 9 

 
3. zadatak (8 bodova) 
Stvaranje gomile maxheap: 
2, 3, 6, 4, 5, 2 
2, 5, 6, 4, 3, 2 
6, 5, 2, 4, 3, 2 
 
Uzlazno sortiranje korištenjem heapsort-a: 
6, 5, 2, 4, 3, 2 
2, 5, 2, 4, 3, 6 
5, 4, 2, 2, 3, 6 
3, 4, 2, 2, 5, 6 
4, 3, 2, 2, 5, 6 
2, 3, 2, 4, 5, 6 
3, 2, 2, 4, 5, 6 
2, 2, 3, 4, 5, 6 
2, 2, 3, 4, 5, 6 
2, 2, 3, 4, 5, 6 
 
4. zadatak (6 bodova) 
 
 void PrintPath(Vertex<int>* v){ 
 if(v == nullptr) return; 
 PrintPath(v->previous); 
 cout << v->item << "" ""; 
 } 
 
 
5. zadatak (5 bodova) 
 
A 
A 
C 
C 
B 
A 
A 
A 
C 
C 
B 
A 
A 
C 
0 
1 
0 
0 
0 
1 
2 
2 
3 
4 
5 
6 
7 
3 
 
 
 

 
 
6. zadatak (9 bodova) 
 
template <typename T, typename K> class HashChaining : public IHash<T, K> { 
 private: 
 HashElement<T, K> **hash; 
 int HashChangeBaseMethod(int key, size_t hashSize) const{ 
 int newKey = 0; 
 int newBase = 1; 
 while(key!=0){ 
 int oldDigit = key%10; 
 newKey = newKey + (oldDigit * newBase); 
 key = key/10; 
 newBase *= 11; 
 } 
 return newKey%hashSize; 
 } 
 
 public: 
 virtual void Add(IHashableValue<T, K> *element) const { 
 int i = HashChangeBaseMethod(element->GetKey(), this->size); 
 HashElement<T, K> *el = new HashElement<T, K>(element); 
 el->next = hash[i]; 
 hash[i] = el; 
 } 
 
 virtual IHashableValue<T, K> *Get(K key) const { 
 int i = HashChangeBaseMethod(key, this->size); 
 HashElement<T, K> *head; 
 for (head = hash[i]; head && (head->value->GetKey() != key); 
 head = head->next) 
 ; 
 if (head == nullptr) 
 return nullptr; 
 return head->value; 
 } 
};",6,Hash tablica,0.069898784,,,,,,,,,,,0.47058823529411764
ZI|2021-01-29|1,ZI,2021-01-29,1,"Zadan je razred BStablo kojim se implementira binarno stablo: 
template <typename T> class BStablo { 
public: 
 BStablo() : korijen(nullptr) {} 
 … 
protected: 
 struct Cvor { 
 T elem; 
 
shared_ptr<Cvor> lijevo, desno; 
 
Cvor(const T &novi) : … 
 
 } 
 shared_ptr<Cvor> korijen; 
 … 
}; 
 
 
Broj čvorova koji imaju samo jedno dijete: 2 
To su čvorovi 5 i 7 
Funkcija brJednoDijete za ovo stablo treba vratiti 2 
 
a) Potrebno je napisati javni funkcijski član brJednoDijete razreda BStablo, koji će izbrojati koliko u stablu ima 
čvorova koji imaju samo jedno dijete, a koji je zadan prototipom: 
int brJednoDijete(); 
Dozvoljeno je koristiti pomoćni funkcijski član i pomoćne funkcije. 
b) Napišite odsječak glavnog programa u kojemu se poziva funkcijski član brJednoDijete.",4,Binarno stablo,0.06885421,,,,,,,,,,,0.0
ZI|2021-01-29|2,ZI,2021-01-29,2,"Potrebno je napisati konstruktor zadane klase Graph koji će inicijalizirati objekt, te rekurzivnu DFS metodu za obilazak 
i ispis grafa u dubinu počevši od zadanog vrha. Susjedi svakoga vrha su spremljeni u polje listi susjeda *listeSusjeda. 
Polju se pristupa pomoću indeksa vrha. Informacija je li pojedini vrh obiđen sprema se u polje obidjen. Napomena: 
za kretanje po listi stvoriti iterator. 
 
#include<iostream> 
#include <list> 
using namespace std; 
class Graph { 
 
int brojVrhova; 
 
list<int> *listeSusjeda; // polje listi susjeda 
 
bool *obidjen; // polje u kome je sadržana informacija je li pojedini vrh već obidjen 
 public: 
 
Graph(int vrhovi); 
 
void dodajBrid(int izvor, int odrediste); // dodavanje bridova 
 
void postavi(); // postavljanje svih članova polja obidjen u false 
 
void DFS(int vrh); 
}; 
// Inicijaliziraj graf 
Graph::Graph(int vrhovi) … 
// DFS algorithm 
void Graph::DFS(int vrh) … // vrh od kojeg se kreće u grafu",7,Graf,0.11708585,,,,,,,,,,,0.6666666666666666
ZI|2021-01-29|3,ZI,2021-01-29,3,"Izračunati LPS polje koje se koristi u Knuth-Morris-Pratt algoritmu za niz AACAAACAAAACA. 
A 
A 
C 
A 
A 
A 
C 
A 
A 
A 
A 
C 
A",10,KMP,0.11094079,,,,,,,,,,,0.0
ZI|2021-01-29|4,ZI,2021-01-29,4,"Zadana su sučelja koja služe implementaciji tablice raspršenog adresiranja. 
… 
template <typename T, typename K> class IHashableValue { 
 public: 
 virtual K GetKey() const = 0; 
}; 
template <typename T, typename K> class IHash { 
 protected: 
 size_t size; 
 IHashableValue<T, K> **hash; 
 
 public: 
 virtual void Add(IHashableValue<T, K> *element) const = 0; 
 virtual IHashableValue<T, K> *Get(K key) const = 0; 
}; 
Svaki objekt ili zapis koji se upisuje u tablicu raspršenog adresiranja implementira sučelje IHashableValue. Varijabla 
IHashableValue<T, K> **hash služi pohrani tablice raspršenog adresiranja, a varijabla size određuje njenu veličinu. 
Potrebno je napisati klasu HashDoubleHashing koja implementira sučelje IHash tako da koristi tehniku otvorenog 
adresiranja s dvostrukim raspršenim adresiranjem. Klasa HashDoubleHashing treba imati implementirane metode 
Add i Get. 
Napomena: Konstruktor i destruktor nije potrebno implementirati. 
Kao funkcije raspršenja potrebno je koristiti unaprijed definirane funkcije int HashMultiplicationMethod1(int key) i 
int HashMultiplicationMethod2(int key).",6,Hash tablica,0.034107912,,,,,,,,,,,0.35294117647058826
ZI|2021-01-29|5,ZI,2021-01-29,5,"Zadan je niz brojeva: 
8, 7, 2, 1, 3, 4, 6, 5 
Ilustrirajte uzlazno sortiranje algoritmom Quicksort. Stožer za Quicksort bira se metodom aproksimacije medijana 
temeljem prvog, srednjeg i zadnjeg člana, pri čemu vrijedi da je cutoff = 3 nakon čega se sortira algoritmom Insertion 
sort. 
Potrebno je prikazati sadržaj polja nakon svake promjene. 
 
 

 
Rješenja: 
1. zadatak (9 bodova) 
a) 
template <typename T> int BStablo<T>:: brJednoDijete() { 
 
if (korijen != nullptr) brJednoDijete (korijen); 
}; 
 
template <typename T> int BStablo<T>:: brJednoDijete(shared_ptr<Cvor> &cvor) { 
 int l, d; 
 if (cvor != nullptr) { 
 l = brJednoDijete(cvor->lijevo); 
 d = brJednoDijete(cvor->desno); 
 if ((cvor->lijevo == nullptr && cvor->desno!= nullptr) || 
 (cvor->lijevo!= nullptr && cvor->desno == nullptr)) { 
 return l + d + 1; 
 } 
 return l + d; 
 } 
 return 0; 
} 
 
b) Odsječak glavnog progama, npr.: 
 
BStablo<int> bStablo = BStablo<int>(); 
int rezultat = bStablo. brJednoDijete(); 
 
 
2. zadatak (9 bodova) 
 
// Inicijaliziraj graf 
Graph::Graph(int vrhovi) { 
 brojVrhova = vrhovi; 
 listeSusjeda = new list<int>[vrhovi]; 
 obidjen = new bool[vrhovi]; 
} 
 
// DFS algorithmto 
void Graph::DFS(int vrh) { 
 obidjen[vertex] = true; 
 list<int> listaSusjeda = listeSusjeda[vrh]; 
 cout << vertex << "" ""; 
 list<int>::iterator i; 
 for (i = listaSusjeda.begin(); i != listaSusjeda.end(); ++i) 
 if (!obidjen[*i]) 
 DFS(*i); 
} 
 
 
 
 
 
 

 
3. zadatak (9 bodova) 
 
A 
A 
C 
A 
A 
A 
C 
A 
A 
A 
A 
C 
A 
0 
1 
0 
1 
2 
2 
3 
4 
5 
6 
2 
3 
4 
 
 
 
4. zadatak (9 bodova) 
 
template <typename T, typename K> class HashDoubleHashing : public IHash<T, K> 
{ 
 private: 
 IHashableValue<T, K> **hash; 
 int HashMultiplicationMethod1(int key) const { return key % M; } 
 int HashMultiplicationMethod2(int key) const { return 1 + key % (M - 1); } 
 
 public: 
 virtual void Add(IHashableValue<T, K> *element) const { 
 int h1 = HashMultiplicationMethod1(element->GetKey()); 
 int h2 = HashMultiplicationMethod2(element->GetKey()); 
 int index; 
 for (int i = 0; i < this->size; i++) { 
 index = (h1 + i * h2) % this->size; 
 if (hash[index] == nullptr) { 
 hash[index] = element; 
 break; 
 } 
 } 
 } 
 virtual IHashableValue<T, K> *Get(K key) const { 
 int h1 = HashMultiplicationMethod1(key); 
 int h2 = HashMultiplicationMethod2(key); 
 int index; 
 for (int i = 0; i < this->size; i++) { 
 index = (h1 + i * h2) % this->size; 
 if (hash[index] != nullptr && (*hash[index]).GetKey() == key) { 
 return hash[index]; 
 } 
 } 
 return nullptr; 
 } 
}; 
 
 

 
 
5. zadatak (9 bodova) 
8, 7, 2, 1, 3, 4, 6, 5 medijan 
1, 7, 2, 5, 3, 4, 6, 8 skrivanje st. 
1, 7, 2, 6, 3, 4, 5, 8 stožer je 5, zamjena 7 i 4 
1, 4, 2, 6, 3, 7, 5, 8 zamjena 6 i 3 
1, 4, 2, 3, 6, 7, 5, 8 vraćanje stožera na mjesto el. 6 
1, 4, 2, 3, 5, 7, 6, 8 L: medijan 
1, 3, 2, 4, 5, 7, 6, 8 L: skrivanje stožera 
1, 2, 3, 4, 5, 7, 6, 8 L: Stožer se vraća na samoga sebe (3 na 3) 
1, 2, 3, 4, 5, 7, 6, 8 L: lijevi dio od 5 je sortiran (nema više posla) 
1, 2, 3, 4, 5, 7, 6, 8 D: desno dio se sortira Insertion sortom 
1, 2, 3, 4, 5, 7, 7, 8 
1, 2, 3, 4, 5, 6, 7, 8",0,Sortiranje,0.061758317,,,,,,,,,,,0.3793103448275862
ZI|2020-01-31|1,ZI,2020-01-31,1,"Zadan je razred BStablo kojim se implementira binarno stablo: 
template <typename T> class BStablo { 
public: 
 BStablo() : korijen(nullptr) {} 
 … 
protected: 
 struct Cvor { 
 T elem; 
 
shared_ptr<Cvor> lijevo, desno; 
 
Cvor(const T &novi) : … 
 
 } 
 shared_ptr<Cvor> korijen; 
 … 
}; 
 
 
a) Potrebno je napisati javni funkcijski član zamijeniSMax razreda BStablo, koji će svaki element stabla zamijeniti s 
najvećim elementom u njegovim podstablima (vidjeti sliku), a zadan je prototipom: 
void zamijeniSMax(); 
Dozvoljeno je koristiti pomoćni funkcijski član i pomoćne funkcije. 
b) Napišite odsječak glavnog programa u kojemu se poziva funkcijski član zamijeniSMax. 
c) Odredite složenost vaše implementacije zamijeniSMax u O, Ω i, ako je moguće, Θ notaciji.",4,Binarno stablo,0.061855365,,,,,,,,,,,0.15789473684210525
ZI|2020-01-31|2,ZI,2020-01-31,2,"Zadan je graf prikazan slikom: 
 
Korištenjem Dijkstrinog algoritma odredite najkraću udaljenost od vrha A do ostalih vrhova u grafu. Prikažite sadržaj 
pratećih pomoćnih struktura (vektora prethodni i udaljenost te pomoćnog prioritetnog reda) u svakom koraku 
algoritma. 
Napomena: Za svaki vrh, njemu susjedne vrhove promatramo abecednim redoslijedom.",7,Graf,0.11659187,,,,,,,,,,,0.8333333333333334
ZI|2020-01-31|3,ZI,2020-01-31,3,"Zadan je niz brojeva: 
9, 8, 6, 4, 1, 3, 2 
Za zadani niz brojeva prikažite stvaranje gomile minheap pomoću algoritma čije je vrijeme izvođenja O(n) (za n 
članova polja). U svakom koraku algoritma u kojemu se obavlja zamjena trebaju biti označeni članovi polja koji su 
zamijenjeni te treba prikazati polje nakon svake zamjene.",5,Gomila,0.05710275,,,,,,,,,,,0.6
ZI|2020-01-31|4,ZI,2020-01-31,4,"Zadana su sučelja koja služe implementaciji tablice raspršenog adresiranja. 
#define c1 0.5 
#define c2 0.5 
… 
template <typename T, typename K> class IHashableValue { 
 public: 
 virtual K GetKey() const = 0; 
}; 
template <typename T, typename K> class IHash { 
 protected: 
 size_t size; 
 IHashableValue<T, K> **hash; 
 
 public: 
 virtual void Add(IHashableValue<T, K> *element) const = 0; 
 virtual IHashableValue<T, K> *Get(K key) const = 0; 
}; 
Svaki objekt ili zapis koji se upisuje u tablicu raspršenog adresiranja implementira sučelje IHashableValue. Varijabla 
IHashableValue<T, K> **hash služi pohrani tablice raspršenog adresiranja, a varijabla size određuje njenu veličinu. 
Potrebno je napisati klasu HashQuadraticProbing koja implementira sučelje IHash tako da koristi tehniku otvorenog 
adresiranja s kvadratnim ispitivanjem. Klasa HashQuadraticProbing treba imati implementiran konstruktor (u kojem 
se inicijalizira tablica raspršenog adresiranja veličine size) te metodu Get. 
Napomena: Metodu Add i destruktor nije potrebno implementirati. 
Kao funkciju raspršenja potrebno je koristiti unaprijed definiranu funkciju int HashMultiplicationMethod(int key).",6,Hash tablica,0.043694366,,,,,,,,,,,0.29411764705882354
ZI|2020-01-31|5,ZI,2020-01-31,5,"Zadan je niz brojeva: 
4, 1, 12, 7, 11, 10 
Ilustrirajte uzlazno sortiranje algoritmom Quicksort. Stožer za Quicksort bira se metodom aproksimacije medijana 
temeljem prvog, srednjeg i zadnjeg člana, pri čemu vrijedi da je cutoff = 3 nakon čega se sortira bez navođenja koraka. 
Potrebno je prikazati sadržaj polja nakon svake promjene.",0,Sortiranje,0.04215901,,,,,,,,,,,0.27586206896551724
ZI|2020-01-31|6,ZI,2020-01-31,6,"Algoritam Rabin-Karp, koji služi pronalasku podniza u nizu, koristi u svojem radu izračun sažetka (hash-a) podniza. 
Napisati funkciju ReHash koja se koristi u algoritmu Rabin-Karp i koja temeljem sažetka trenutnog podniza duljine m 
računa sažetak idućeg podniza duljine m. Funkcija mora imati složenost O(1) i prototip: 
int ReHash(int oldHash, char leadingDigit, char lastDigit, int mostSigDigitValue); 
Parametar oldHash predstavlja sažetak trenutnog podniza, leadingDigit predstavlja prvi lijevi znak trenutnog 
podniza, a lastDigit predstavlja zadnji znak idućeg podniza. Parametar mostSigDigitValue predstavlja unaprijed 
izračunatu težinsku vrijednost s kojom se množi najznačajnija znamenka leadingDigit. 
 
Napomena: Kako bi se uspješno izvela funkcija ReHash potrebno je koristiti konstante D i PRIM definirane 
pretprocesorskim direktivama: 
#define D 256 
#define PRIME 251 

 
Rješenja: 
1. zadatak (8 bodova) 
 
a) 
template <typename T> void BStablo<T>:: zamijeniSMax() { 
 
if (korijen != nullptr) zamijeniSMax(korijen); 
}; 
 
template <typename T> T BStablo<T>:: zamijeniSMax(shared_ptr<Cvor> &cvor) { 
 
T stari = cvor->elem; 
 
if (cvor->lijevo && cvor->desno) { 
 
 
T l = zamijeniSMax(cvor->lijevo); 
 
 
T d = zamijeniSMax (cvor->desno); 
 
 
cvor->elem = l > d ? l : d; 
 
} 
 
else if (cvor->lijevo) { 
 
 
cvor->elem = zamijeniSMax (cvor->lijevo); 
 
} 
 
else if (cvor->desno) { 
 
 
cvor->elem = zamijeniSMax(cvor->desno); 
 
} 
 
return (cvor->elem > stari) ? cvor->elem : stari; 
} 
 
b) Odsječak glavnog progama, npr.: 
 
BStablo<int> bStablo = BStablo<int>(); 
bStablo.zamijeniSMax(); 
 
c) Θ(n), gdje je n broj čvorova u stablu 
 
 
2. zadatak (6 bodova) 
 
 
 
 
 
 
 
 
 
 

 
 
 
1. Početno stanje 
Q = {0, ∞, ∞, ∞, ∞, ∞, ∞} 
 
 
 
A B C D E F G 
Udaljenost 0 ∞ ∞ ∞ ∞ ∞ ∞ 
Preth 
- - - - - - - 
 
2. Uzimamo vrh A iz Q i označavamo da je obiđen. 
 
 
A B C D E F G 
Udaljenost 0 7 3 1 ∞ ∞ ∞ 
Preth 
- A A A - - - 
Q = {𝟏, 7, 3, ∞, ∞, ∞} 
 
3. Uzimamo vrh D iz Q i označavamo da je obiđen. 
Podešavamo udaljenosti. 
 
 
A B C D E F G 
Udaljenost 0 7 3 1 ∞ ∞ 3 
Preth 
- A A A - - D 
Q = {3(C), 7, 3(G), ∞, ∞} 
 
4. Uzimamo vrh C iz Q i označavamo da je obiđen. 
Podešavamo udaljenosti. 
 
 
A B C D E F G 
Udaljenost 0 5 3 1 ∞ ∞ 3 
Preth 
- C A A - - D 
Q = {3 (G), 5, ∞, ∞} 
 
5. Uzimamo vrh G iz Q i označavamo da je obiđen. 
Podešavamo udaljenosti. 
 
 
A B C D E F G 
Udaljenost 0 5 3 1 ∞ 5 3 
Preth 
- C A A - G D 
Q = {5 (B), 5 (F), ∞} 
 
6. Uzimamo vrh B iz Q i označavamo da je obiđen. 
 
 
A B C D E 
F G 
Udaljenost 0 5 3 1 10 5 3 
Preth 
- C A A B 
G D 
Q = {5 (F), 10} 
 
7. Uzimamo vrh F iz Q i označavamo da je obiđen. 
Podešavamo udaljenosti. 
 
 
A B C D E 
F G 
Udaljenost 0 5 3 1 10 5 3 
Preth 
- C A A B 
G D 
Q = { 10 } 
 
8. Uzimamo vrh E iz Q i označavamo da je obiđen. 
Time smo obišli sve vrhove. 
 
 
A B C D E 
F G 
Udaljenost 0 5 3 1 10 5 3 
Preth 
- C A A B 
G D 
Q = { } 
 
3. zadatak (6 bodova) 
9 8 6 4 1 3 2 
9 8 2 4 1 3 6 
9 1 2 4 8 3 6 
1 1 2 4 8 3 6 
1 4 2 4 8 3 6 
1 4 2 9 8 3 6 
 
 

 
4. zadatak 
 
template <typename T, typename K> 
class HashQuadraticProbing : public IHash<T, K> { 
 private: 
 void Empty() { 
 size_t i; 
 for (i = 0; i < this->size; i++) { 
 hash[i] = nullptr; 
 } 
 } 
 
 public: 
 virtual IHashableValue<T, K> *Get(K key) const { 
 int address = HashMultiplicationMethod(key); 
 int index; 
 for (int i = 0; i < this->size; i++) { 
 index = (int)fmod((address + c1 * i + c2 * i * i), this->size); 
 if (hash[index] == nullptr) 
 return nullptr; 
 if (hash[index]->GetKey() == key) { 
 return hash[index]; 
 } 
 } 
 return nullptr; 
 } 
 HashQuadraticProbing(size_t size) { 
 this->size = size; 
 this->hash = new IHashableValue<T, K> *[this->size]; 
 this->Empty(); 
 } 
}; 
 
5. 
 
4, 1, 12, 7, 11, 10 odabir stožera/medijan 
4, 1, 10, 7, 11, 12 sortiranje stožera/medijan 
4, 1, 11, 7, 10, 12 sakrivanje stožera 10 
4, 1, 7, 11, 10, 12 zamjena elemenata na indeksima i=2 i j=3 
4, 1, 7, 11, 10, 12 obnova stožera - i=3 (zamjena vrijednosti 11 i 10) 
4, 1, 7, 10, 11, 12 sortiranje desnog i lijevog dijela Insertion Sortom (cutoff) 
1, 4, 7, 10, 11, 12 u lijevom dijelu zamjena 1 i 4, ostalih zamjena nema 
 
 
 
6. zadatak 
 
 static int ReHash(int oldHash, char leadingDigit, char lastDigit) { 
 int oldHashWithoutLeadingDigit = oldHash - leadingDigit * mostSigDigitValue; 
 int newHashwithoutLastDigit = oldHashWithoutLeadingDigit * D; 
 int newHash = (newHashwithoutLastDigit + lastDigit) % PRIME; 
 if (newHash < 0) // in case new hash is negative, covert to a positive num 
 newHash += PRIME; 
 return newHash; 
 } 
 
 

AISP_2017-18_zi_funkcije
#include <stdio.h>
#include <stdlib.h>
#include <math.h>
/*STOG STATICKIM POLJEM*/
typedef struct {
int vrh, polje[MAXSTOG];
}Stog;
void init_stog (Stog *stog) {
/*inicijalizacija*/
stog->vrh = -1;
}
int dodaj (int element, Stog *stog) {
/*dodavanje elementa*/
if (stog->vrh >= MAXSTOG -1) return 0;
stog->vrh++;
stog->polje [stog->vrh] = element;
return 1;
}
int skini (int *element, Stog *stog) {
/*skidanje elementa*/
if (stog->vrh <0) return 0;
*element = stog->polje[stog->vrh];
stog->vrh--;
return 1;
}
/*STOG LISTOM*/
struct at {
int element;
struct at *sljed;
};
typedef struct at atom;
typedef struct {
atom *vrh;
}Stog;
void init_stog (Stog *stog) {
/*inicijalizacija*/
stog->vrh = NULL;
}
int dodaj (int element, Stog *stog) {
/*dodavanje elementa na stog*/
atom *novi;
if ((novi = (atom *)malloc(sizeof(atom)))!=NULL) {
novi->element = element;

novi->sljed = stog->vrh;
stog->vrh = novi;
return 1;
}
else return 0;
}
int skini (int *element, Stog *stog) {
/*skidanje elementa sa stoga*/
atom *pom;
if (stog->vrh == NULL) return 0;
*element = stog->vrh->element;
pom = stog->vrh->sljed;
free(stog->vrh);
stog->vrh = pom;
return 1;
}
/*RED STATICKIM POLJEM*/
typedef struct {
int polje[MAXRED];
int ulaz, izlaz;
} Red;
int dodaj (int element, Red *red) {
/*dodavanje elementa u red*/
if ((red->ulaz+1)%MAXRED == red->izlaz) return 0;
red->ulaz++;
red->ulaz %= MAXRED;
red->polje[red->ulaz] = element;
return 1;
}
int skini (int *element, Red *red) {
/*skidanje elementa s reda*/
if (red->ulaz == red->izlaz) return 0;
red->izlaz++;
red->izlaz %= MAXRED;
*element = red->polje[red->izlaz];
return 1;
}
/*RED LISTOM*/
struct re {
int element;
struct re* sljed;
};
typedef struct re Red;
void init_red (Red *red) {
/*inicijalizacija*/
red->ulaz = NULL;

red->izlaz = NULL;
}
int dodaj (int element, Red *red) {
/*dodavanje elementa u red*/
atom *novi;
if (novi=malloc(sizeof(atom))) {
novi->element = element;
novi->sljed = NULL;
if (red->izlaz == NULL) red->izlaz = novi;
else (red->ulaz)->sljed = novi;
red->ulaz = novi;
return 1;
}
return 0;
}
int skini (int *element, Red *red) {
/*skidanje elementa s reda*/
atom *stari;
if (red->izlaz) {
*element = red->izlaz->element;
stari = red->izlaz;
red->izlaz = red->izlaz->sljed;
free(stari);
if (red->izlaz == NULL) red->ulaz = NULL;
return 1;
}
return 0;
}
/*TEHNIKE ADRESIRANJA*/
/*ulancavanje*/
struct zap {
char ime [VELIME +1];
struct zapis* sljed;
};
typedef struct zap zapis;
void upis (zapis *hash[], zapis *element) {
/*upis u hash*/
int i = adresa(element->ime);
element->sljed = hash[i];
hash[i] = element;
}
/*otvoreno adresiranje*/
struct zapis {
int sifra;
char ime [VELIME+1];
};

void upis (zapis *hash, zapis element) {
int indeks;
int adresa = Adresa(element->sifra);
for (int i=0; i<M; i++) {
/*LINEARNO ISPITIVANJE*/
indeks = (adresa + i)%M;
/*KVADRATNO ISPITIVANJE*/
indeks = fmod((adresa +c1*i +c2*i*i), M);
if (hash[indeks]->sifra == 0) {
hash[indeks] = element;
break;
}
}
}
/*DVOSTRUKO RASPRSENO ADRESIRANJE*/
void upis (zapis *hash, zapis element) {
int indeks;
int h1 = adresa1(element->sifra);
int h2 = adresa2 (element->sifra);
for (int i=0; i<M; i++) {
indeks = (h1+i*h2)%M;
if (hash[indeks]->sifra == 0) {
hash[indeks] = element;
break;
}
}
}
/*metoda dijeljenja*/
int adresa1(int sifra) {
return sifra%M;
}
/*metoda mnozenja*/
unsigned long int adresa(int sifra) {
unsigned long int A = 2654435769;
unsigned int pomak = 29;
return (A*sifra)>>pomak;
}
/*STABLO*/
struct cv {
int podatak;
struct cvor *lijevo_dijete;
struct cvor *desno_dijete;
struct cvor *roditelj;

};
typedef struct cv cvor;
cvor *dodaj (cvor *cvor, int element) {
/*dodavanje elementa*/
if (cvor == NULL) {
return (NoviCvor(element));
}
else {
if (element <= cvor->podatak)
cvor->lijevo = dodaj(cvor->lijevo_dijete, element);
else 
cvor->desno_dijete = dodaj(cvor->desno_dijete);
return (cvor);
}
}
cvor *NoviCvor (int element) {
/*stvaranje novog cvora*/
cvor* novi = (cvor *)malloc(sizeof(cvor));
novi->podatak = element;
novi->lijevo_dijete= NULL;
novi->desno_dijete = NULL;
return (novi);
}
int trazi (cvor *cvor, int trazeno) {
/*pretrazivanje stabla*/
if (cvor == NULL) return 0;
else {
if (trazeno == cvor->podatak) return 1;
else {
if (trazeno < cvor->podatak) return (trazi(cvor->lijevo_dijete, trazeno)))
else return (trazi(cvor->desno_dijete, trazeno));
}
}
}
/*GOMILA*/
void podesi (int A[], int i, int n) {
/*podesavanje gomile*/
 int j; 
 int stavka;
 j = 2*i;
 stavka = A[i];
 while (j <= n ) {
 if ((j < n) && (A[j] < A[j+1])) j++;
 if (stavka >= A[j]) break;
 A[j/2] = A[j];
 j *=2;
 }
 A[j/2] = stavka; 

}
 
 
 void StvoriGomilu (int A[], int n) {
/*stvaranje gomile*/
 int i;
 for (i = n/2; i >= 1; i--) 
podesi (A, i, n);
}
void HeapSort (int A[], int n) {
/*heap sort algoritam*/
 int i;
 StvoriGomilu (A, n);
 for (i = n; i >= 2; i--) {
Zamijeni (&A[1], &A[i]);
 Podesi (A, 1, i-1);
 }
}",6,Hash tablica,0.089477375,,,,,,,,,,,0.9411764705882353
ZI|2017-06-13|1,ZI,2017-06-13,1,"Potrebno je provjeriti je li binarno stablo balansirano s obzirom na visinu. Prazno stablo je balansirano, a neprazno 
binarno stablo T je balansirano ako vrijedi: 
1) Lijevo i desno podstablo od T je balansirano 
2) Razlika u visini lijevog i desnog podstabla nije više od 1 
Stablo balansirano po visini
Stablo koje nije balansirano po visini 
a) Napisati funkciju koja će izračunati visinu stabla. Ako je stablo prazno vraća 0. Prototip funkcije: 
int visina(cvor *korijen); 
b) Napisati funkciju koja će provjeriti da li je stablo balansirano. Ako je balansirano vraća 1, inače 0. Dopušteno je 
koristiti funkciju visina. Prototip funkcije: 
int balans(cvor *korijen); 
Čvorovi stabla imaju sljedeću strukturu: 
typedef struct cv{ 
int podatak; 
struct cv *lijevo_dijete; 
struct cv *desno_dijete; 
} cvor;",4,Binarno stablo,0.13200377,,,,,,,,,,,0.9473684210526315
ZI|2017-06-13|2,ZI,2017-06-13,2,"Zadan je niz brojeva: 12, 48, 54, 22, 81, 62, 71, 32. 
 
a) (5 bodova) Ilustrirajte (nacrtajte stablo nakon svake promjene) stvaranje gomile (max heap) od zadanog polja 
brojeva algoritmom čija je složenost za najgori slučaj O(n). 
 
b) (5 bodova) Ilustrirajte (nacrtajte stablo nakon svake promjene) stvaranje gomile (max heap) od zadanog polja 
brojeva algoritmom čija je složenost za najgori slučaj O(nlogn).",5,Gomila,0.030047417,,,,,,,,,,,0.2
ZI|2017-06-13|3,ZI,2017-06-13,3,"Podatke o studentima potrebno je organizirati u memorijski rezidentnu tablicu raspršenog adresiranja veličine 10000 
zapisa. Memorija za tablicu raspršenog adresiranja rezervira se u glavnom programu (nije ga potrebno pisati). Kolizija 
se rješava linearnim ispitivanjem. 
Potrebno je napisati: 
a) Pretprocesorsku direktivu kojom se definira veličina tablice te ostali potrebni parametri u strukturi. Potrebno 
je definirati strukturu zapis za pohranu podataka o studentu. Svaki student ima šifru (cijeli broj), ime 
(maksimalna veličina 20 znakova) i prezime (maksimalna veličina 30 znakova). 
b) Funkciju koja će odrediti na koju adresu je bilo upućeno najviše zapisa. Funkcija treba vratiti tu adresu i broj 
zapisa upućenih na nju (lokacija u tablici), a koji su završili u preljevu. Šifra nula (0) označava prazan zapis. Ako 
ima više takvih adresa vratiti rezultat za bilo koju od njih. 
int Provjera(zapis* hash, int *brojPreljeva); 
Prilikom realizacije funkcije za upis koristiti predefiniranu hash-funkciju: 
int Adresa(int sifra);",6,Hash tablica,0.08002585,,,,,,,,,,,0.5882352941176471
ZI|2017-06-13|4,ZI,2017-06-13,4,"Zadan je tip podatka Red za koji su definirane funkcije za inicijalizaciju reda, dodavanje elementa u red te za 
skidanje elementa iz reda. Prototipovi navedenih funkcija su: 
 
void init_red(Red *red); 
int dodaj(int element, Red *red); 
int skini(int *element, Red *red); 
Funkcije dodaj i skini vraćaju 1 ako je operacija uspjela, a 0 ako nije. 
Napišite funkciju koja će sva pojavljivanja višekratnika zadanog broja iz zadanog reda izdvojiti u novi red koji 
treba vratiti pozivatelju. Prototip funkcije je: 
Red *izdvojiVisekratnike(Red *red, int broj); 
U ulaznom redu moraju ostati svi preostali elementi. 
Napišite i dio glavnog programa u kojem ćete definirati redove i ispravno pozvati napisanu funkciju. Dio koda u 
kojem se puni red nije potrebno pisati. 
Primjer: Za ulazni red sadržaja 3, 8, 2, 5, 35, 2, 24, 15 poziv funkcije izdvojiVisekratnike za broj=3 stvara novi 
red sadržaja 3, 24, 15 dok u starom redu ostaju 8, 2, 5, 35, 2. 
 
 

 
Rješenja: 
1. zadatak (10 bodova) 
int visina(cvor * korijen) { 
 
int visinaLijevo, visinaDesno; 
 
if (korijen == NULL) 
 
 
return 0; 
 
visinaLijevo = visina(korijen-> lijevo_dijete); 
 
visinaDesno = visina(korijen-> desno_dijete); 
 
if (visinaLijevo >= visinaDesno) 
 
 
return 1 + visinaLijevo; 
 
else 
 
 
return 1 + visinaDesno; 
} 
 
int balans(cvor *korijen){ 
 
int lijevo, desno; 
 
if (korijen == NULL) 
 
 
return 1; 
 
lijevo = visina(korijen-> lijevo_dijete); 
 
desno = visina(korijen-> desno_dijete); 
 
return abs(lijevo - desno) <= 1 && balans(korijen->lijevo_dijete) 
&& balans(korijen-> desno_dijete); 
} 
 
2. zadatak (10 bodova) 
a)O(n)
 
 
 
 
 
 
12 
48 
54 
22 
81 
62 
71 
32 
12 
48 
54 
32 
81 
62 
71 
22 
12 
48 
71 
32 
81 
62 
54 
22 
12 
81 
71 
32 
48 
62 
54 
22 
81 
48 
71 
32 
12 
62 
54 
22 
Konačno rješenje: 

 
b) O(nlogn) 
 
 
 
 
Konačno rješenje: 
 
 
 
 
 
 
 
 
 
 
 
 
 
 
 
 
 
 
81 
54 
71 
32 
22 
48 
62 
12 
12 
12 
48 
48 
12 
54 
54 
12 
48 
22 
54 
22 
48 
12 
81 
81 
54 
48 
12 
22 
62 
81 
54 
62 
12 
22 
48 
71 
81 
54 
71 
12 
22 
48 
62 
32 

 
3. zadatak (10 bodova) 
#define VELIME 20 
#define VELPREZIME 30 
#define M 10000 
 
typedef struct { 
 
int sifra; 
 
char ime[VELIME + 1]; 
 
char prezime[VELPREZIME + 1]; 
} zapis; 
 
int trazi(zapis* hash, int * brojPreljeva) { 
 
int brojac[M] = {0}; 
 
int brojacPreljeva[M] = {0}; 
 
int zeljenaAdresa; 
 
int maxVrijednost; 
 
int maxAdresa; 
 
int i; 
 
for (i = 0; i < M; i++) { 
 
 
if (hash[i].sifra != 0) { 
 
 
 
zeljenaAdresa = adresa(hash[i].sifra); 
 
 
 
brojac[zeljenaAdresa]++; 
 
 
 
if (i != zeljenaAdresa) brojacPreljeva[zeljenaAdresa]++; 
 
 
} 
 
} 
 
maxAdresa = 0; 
 
maxVrijednost = brojac[maxAdresa]; 
 
for (i = 1; i < M; ++i) { 
 
 
if (brojac[i] > maxVrijednost) { 
 
 
 
maxVrijednost = brojac[i]; 
 
 
 
maxAdresa = i; 
 
 
} 
 
} 
 
*brojPreljeva = brojacPreljeva[maxAdresa]; 
 
return maxAdresa; 
} 
 
4. zadatak (10 bodova) 
Red *IzdvojiVisekratnike(Red *red, int broj){ 
 
Red *pom,pom2; 
 
int element, temp; 
 
 
pom=(Red*)malloc(sizeof(Red)); 
 
init_red(pom); 
 
 
init_red(&pom2); 
 
 
while(skini(&element, red)){ 
 
 
if (element % broj==0) 
 
 
 
dodaj(element, pom); 
 
 
else dodaj(element, &pom2); 
 
} 
 
while(skini(&element, &pom2)){ 
 
 
 
dodaj(element, red); 
 
 
 
} 
 
return pom; 
} 
int main (){ 
 
Red red, *novi_red; 
 
 
init_red(&red); 
 
/*... napuni red i učitaj broj... */ 
 
novi_red = IzdvojiVisekratnike(&red, 3); 
 
... 
}",2,Red,0.06997143,,,,,,,,,,,0.0
ZI|2016-06-21|1,ZI,2016-06-21,1,Za zadani graf nacrtajte matrice susjedstva i incidencije te listu susjedstva.,7,Graf,0.13556683,,,,,,,,,,,1.0
ZI|2016-06-21|2,ZI,2016-06-21,2,"Potrebno je sortirati zadano polje cijelih brojeva na način da ga se prvo prepiše u binarno stablo za pretraživanje, a 
zatim ga se, inorder postupkom, prepiše natrag u polje. Možete pretpostaviti da već postoji funkcija 
cvor *dodaj(int br, cvor *korijen) 
koja zadani element dodaje u binarno stablo te vraća pokazivač na novonastalo stablo. Čvorovi stabla imaju sljedeću 
strukturu: 
typedef struct cv{ 
int podatak; 
struct cvor *lijevo_dijete; 
struct cvor *desno_dijete; 
} cvor; 
a) Napisati funkciju koja će elemente zadanog binarnog stabla za pretraživanje prepisati u jednodimenzionalno polje, 
tako da to polje bude sortirano uzlazno. Primjer prototipa funkcije: 
void prepisi(cvor *korijen, int *i, int *polje); 
Varijabla i određuje na kojem mjestu u polju počinje zapisivanje elemenata stabla. Funkcija treba osloboditi svu 
memoriju koju su elementi stabla zauzeli. 
b) Napisati funkciju koja će sortirati zadano polje cijelih brojeva pomoću binarnog stabla za pretraživanje. 
Funkcija treba imati prototip: 
 
void mojsort(int *polje, int n);",4,Binarno stablo,0.123074606,,,,,,,,,,,1.0
ZI|2016-06-21|3,ZI,2016-06-21,3,"Napišite funkciju koja će za zadano polje prirodnih brojeva provjeriti je li gomila. U polju su s -1 označeni elementi 
koji se ne koriste. Funkcija treba vratiti 1 ako je zadano polje gomila, a -1 ako nije. Funkcija treba imati prototip: 
int jeliGomila(int *polje, int n, int vrstaGomile); 
Pomoću varijable vrstaGomile, određuje se za koju vrstu gomile se obavlja ispitivanje. Ako je 
vrstaGomile = 1 roditelj treba biti veći od djece, inače roditelj treba biti manji od djece. Možete pretpostaviti 
da gomila kreće od indeksa 1.",5,Gomila,0.12202636,,,,,,,,,,,0.9333333333333333
ZI|2016-06-21|4,ZI,2016-06-21,4,"Podatke o djelatnicima potrebno je organizirati u memorijski rezidentnu tablicu raspršenog adresiranja veličine 5000 
zapisa. Memorija za tablicu raspršenog adresiranja rezervira se u glavnom programu (nije ga potrebno pisati). Kolizija 
se rješava dvostrukim raspršenim adresiranjem. 
Potrebno je napisati: 
a) Pretprocesorsku direktivu kojom se definira veličina tablice i ostale potrebne konstante za potrebe 
dvostrukog raspršenog adresiranja. Potrebno je napisati i strukturu za pohranu podataka o djelatniku. Svaki 
djelatnik ima šifru (cijeli broj), ime (maksimalna veličina 20 znakova) i prezime (maksimalna veličina 30 
znakova). 
b) Funkciju za upis u tablicu raspršenog adresiranja koja pojavu kolizija rješava dvostrukim raspršenim 
adresiranjem. Funkcija vraća 1 ako je upis uspio, a 0 ako je hash-tablica puna. Prototip funkcije je: 
int Upis(struct zapis* hash, struct zapis element); 
Prilikom realizacije funkcije za upis koristiti predefinirane hash-funkcije: 
int Adresa1(int sifra) { 
 
return sifra%M; 
} 
 
int Adresa2(int sifra) { 
 
return 1 + sifra%(M - 1); 
}",6,Hash tablica,0.0973988,,,,,,,,,,,0.7058823529411765
ZI|2016-06-21|5,ZI,2016-06-21,5,"Za tip podatka Stog definirane su funkcije za inicijalizaciju stoga, dodavanje elementa na stog i skidanje elementa sa 
stoga: 
void init_stog(Stog *stog); 
int dodaj(Stog *stog, int element); 
int skini(Stog *stog, int* element); 
Napisati funkciju 
void izbaci(Stog *stog); 
koja će izbaciti sa stoga sve vrijednosti koje se na stogu pojavljuju više od jedanput, pri čemu će u slučaju višestrukog 
pojavljivanja vrijednosti biti zadržana vrijednost koja se pojavljuje prvi put promatrano od vrha stoga. 
 
Primjer: 
 
Stog prije ulaska u fukciju:
 
1
1 
4 
3 
2 
7 
2 
3 
1 
 
Stog nakon izlaska iz fukcije:
 
1
4 
3 
2 
7 
 
 
Napomena: Rješenje mora koristiti isključivo funkcije za rad sa stogom i pomoćne stogove. Sva rješenja koja 
podrazumijevaju implementacijske detalje stoga (realizacija poljem ili listom) neće biti priznata. 
 
 

 
Rješenja: 
1. 
Zadatak 
 
 =




0
1
0
0
1
0
0
1
1
1
0
0
0
0
0
0
0
1
0
0
0
0
0
1
0



 
 

 =




 1
1
0
0
0
0
0
−1
0
1
1
1
0
0
0
0
−1
0
0
−1
0
0
0
0
−1
0
1
−1
0
−1
0
0
−1
0
1 



 
 
2. 
Zadatak 
// Funkcija koja prebacuje elemente stabla inorder u polje, 
// a ujedno i oslobađa memoriju 
void prepisi (cvor *korijen, int *i, int *polje) { 
 if (korijen == NULL) { 
 return; 
 } 
 
 prepisi (korijen->lijevo_dijete, i, polje); 
 polje[*i] = korijen->podatak; 
 (*i)++; 
 prepisi (korijen->desno_dijete, i, polje); 
 
 free(korijen); 
 
// Oslobađanje memorije 
} 
 
// Funkcija koja sortira zadano polje cijelih brojeva tako da ga prepiše 
// u binarno stablo za pretraživanje, a zatim ga inorder prepiše natrag u polje 
void mojsort(int *polje, int n) { 
 int i; 
 cvor *korijen; 
 
 korijen = NULL; 
 for (i=0; i<n; i++) { 
 korijen = dodaj(polje[i], korijen); 
 } 
 i = 0; 
 prepisi (korijen, &i, polje); 
} 
 
3. 
Zadatak 
int jeliGomila(int *polje, int n, int vrstaGomile) { 
 int dijete, roditelj; 
 int i; 
 
 // Je li riječ o potpunom stablu 
 for (i=1; i<=n; i++) { 
 
 if (polje[i] < 0) return -1; 
 } 
 
 // Odnos roditelja i djece 
 for (dijete=n; dijete>1; dijete--) { 
 roditelj = dijete/2; 
 if (vrstaGomile == 1 && polje[dijete] > polje[roditelj]) return -1; 
 if (vrstaGomile != 1 && polje[dijete] < polje[roditelj]) return -1; 
 } 
 return 1; 
} 

 
4. 
Zadatak 
a) 
#define VELIME 20 
#define VELPREZIME 30 
#define M 5000 
 
struct zapis{ 
 
int sifra; 
 
char ime[VELIME + 1]; 
 
char prezime[VELPREZIME + 1]; 
}; 
 
b) 
int Upis(struct zapis* hash, struct zapis element) { 
 
int indeks; 
 
int h1 = Adresa1(element.sifra); 
 
int h2 = Adresa2(element.sifra); 
 
for (int i = 0; i < M; i++) { 
 
 
indeks = (h1 +i*h2)%M; 
 
 
if (hash[indeks].sifra == 0) { 
 
 
 
hash[indeks] = element; 
 
 
 
return 1; 
 
 
} 
 
} 
 
return 0; 
} 
 
5. 
Zadatak 
void izbaci(Stog *stog) { 
Stog s1, s2; 
int el, x, nadjen; 
 
 
init_stog(&s1); 
 
init_stog(&s2); 
 
while(skini(stog, &el)) { 
 
 
nadjen = 0; 
 
 
while(skini(&s1, &x)) 
 
 
{ 
 
 
 
dodaj(&s2, x); 
 
 
 
if (x == el) nadjen = 1; 
 
 
} 
 
 
if (!nadjen) dodaj(&s2, el); 
 
 
while(skini(&s2, &x)) dodaj(&s1, x); 
 
} 
 
while(skini(&s1, &x)) dodaj(&s2, x); 
 
while(skini(&s2, &x)) dodaj(stog, x); 
} 
 
ILI 
 
void izbaci(Stog *stog) { 
Stog s1, s2; 
int el, x; 
 
 
init_stog(&s1); 
 
init_stog(&s2); 
 
while(skini(stog, &el)) { 
 
 
dodaj(&s1, el); 
 
 
while(skini(stog, &x)) if (x != el) dodaj(&s2, x); 
 
 
while(skini(&s2, &x)) dodaj(stog, x); 
 
} 
 
while(skini(&s1, &el)) dodaj(stog, el); 
}",1,Stog,0.076915845,,,,,,,,,,,0.0
ZI|2015-06-16|1,ZI,2015-06-16,1,"Za tip podatka Stog definirane su funkcije za inicijalizaciju stoga, dodavanje elementa na stog te skidanje elementa 
sa stoga. Elementi stoga su realni brojevi. Prototipovi navedenih funkcija su: 
void init_stog(Stog *stog); 
int dodaj(double element, Stog *stog); 
int skini(double *element, Stog *stog); 
Funkcije dodaj i skini vraćaju 1, ako je operacija dodavanja ili skidanja uspjela, a 0 inače. Potrebno je napisati 
funkciju otpadnici čiji je prototip: 
Stog otpadnici(Stog *S, double d); 
Funkcija otpadnici iz stoga S uklanja sve elemente koji su od aritmetičke sredine elemenata stoga S udaljeni barem 
za d > 0 (ne treba provjeravati je li d > 0). Uklonjeni elementi se stavljaju na stog T i to tako da su prvo, ako postoje, 
stavljeni oni elementi koji su manji od aritmetičke sredine (poredak nije bitan), a onda, ako postoje, oni elementi 
koji su veći od aritmetičke sredine (poredak nije bitan). Na stogu S, poredak elemenata koji nisu uklonjeni treba 
ostati isti. 
Funkcija treba biti neovisna o implementaciji tipa podataka Stog, a dozvoljeno je korištenje pomoćnih stogova. 
Primjer: 
Zadan je stog S: (dno stoga) 4 < 5 < 6 < 4 < 1 (vrh stoga). Aritmetička sredina elemenata na stogu je 4. 
Ako je funkcija pozvana za d = 2, na izlazu iz funkcije stog S treba biti 4 < 5 < 4, a stog T 1 < 6. Ako je funkcija 
pozvana za d = 4, na izlazu iz funkcije, stog S se ne mijenja, a stog T je prazan.",3,Vezana lista,0.09275164,,,,,,,,,,,0.8857142857142857
ZI|2015-06-16|2,ZI,2015-06-16,2,"Koja je složenost sljedećeg odsječka u O i Ω notaciji u ovisnosti o argumentu n? 
void funct(int n) { 
 int i,j; 
 for (i=n;i>0;i/=2) { 
 for (j=0;j<i;j++) { 
 printf(“%d\n”,j%2); 
 } 
 } 
} 
O notacija 
(2 boda): 
 
void funct(int n) { 
 int i,j; 
 if (n<20) 
 fact(n); 
 else { 
 if (n%2) { 
 for (i=0;i<n;++i) { 
 for (j=0;j<i;++j) { 
 printf(“%d\n”,j%2); 
 } 
 } 
 } 
 else { 
 for (i=0;i<n;++i) { 
 printf(“%d\n”,i%2); 
 } 
 } 
 } 
} 
O notacija 
(2 boda): 
 
Ω notacija 
(1 bod): 
Ω notacija 
(1 bod): 
 (napomena: funkcija fact računa faktorijel argumenta, a modulo operator u argumentu printf-a osigurava jednako vrijeme 
izvođenja printf-a bez obzira na veličinu argumenta)",9,Složenost algoritama,0.12432115,,,,,,,,,,,0.8461538461538461
ZI|2015-06-16|3,ZI,2015-06-16,3,"U jednostruko povezanu nesortiranu listu spremljeni su podaci studentima. Lista je zadana sljedećim strukturama: 
struct zapis { 
 char imeprezime[80+1]; 
 char spol; 
 int dob; 
}; 
struct at { 
 struct zapis element; 
 struct at *sljed; 
}; 
typedef struct at atom; 
Napišite funkciju prototipa: 
void obradiListu(atom** glava); 
koja će elemente liste (zapise o studentima) rasporediti ovisno o spolu. U novoj listi, zapisi o osobama ženskog spola 
(spol 'Z') trebaju se nalaziti na početku liste, a zapisi o osobama muškog spola (spol 'M') na kraju. Funkcija ne smije 
alocirati nove čvorove. 
Primjer: 
Listu (od početka prema kraju): 
(“ivo”,'M',19);(“ana”,'Z',18);(“mara”,'Z',18);(“mate”,'M',19);(“sasa”,'Z',21); 
funkcija transformira u: 
 
(“ana”,'Z',18);(“mara”,'Z',17);(“sasa”,'Z',21);(“ivo”,'M',19);(“mate”,'M',19);",3,Vezana lista,0.07871692,,,,,,,,,,,0.6285714285714286
ZI|2015-06-16|4,ZI,2015-06-16,4,"Čvor stabla je zadan je strukturom: 
typedef struct cv { 
 
int vrijednost; 
 
struct cv * l, *d; 
} cvor; 
a) Napisati rekurzivnu funkciju, koja će za svaki čvor stabla na 
razinama čiji je paritet paritet, izračunati novu vrijednost 
kao zbroj inicijalne vrijednosti tog čvora i vrijednosti svih 
njegovih potomaka na razini razina+2. Prototip funkcije 
jest: 
int preuredi (cvor* korijen, int razina, int paritet); 
(napomena: argumentom paritet iz skupa {1,0} se funkciji zadaje uvećava li vrijednosti na neparnim ili na parnim razinama stabla; npr. ako 
je paritet 1, onda za zadanu razina koja je neparan broj, treba uvećati razinu korijena te svaku drugu od nje, a ako je paritet 0,onda ostale. 
Crtež pokazuje primjer transformacije za poziv s argumentom 1.) 
b) Napisati dio koda koji postiže da je cijelo stablo promijenjeno na način naveden u a) dijelu zadatka.",4,Binarno stablo,0.11248853,,,,,,,,,,,0.6842105263157895
ZI|2015-06-16|5,ZI,2015-06-16,5,"Prioritetni red P realiziran je gomilom s relacijom manji od (min. heap). Gomila je implementirana poljem 
cjelobrojnih elemenata. Polje može imati najviše 15 članova, a sadržaj polja na početku izvođenja je: 
6 
10 
9 
11 
20 
25 
19 
24 
16 
 
 
 
 
 
 
Funkcija zadana prototipom: 
void DodajURed( PRed *P, int e); 
realizira ubacivanje elementa u gomilu algoritmom čije je vrijeme izvođenja O(log2n). 
Funkcija zadana prototipom: 
void SkiniIzReda(PRed *P, int *e); 
vraća vršni element iz gomile te nakon toga podešava gomilu algoritmom čije je vrijeme izvođenja O(log2n). 
Ilustrirati sadržaj prioritetnog reda P nakon svake zamjene dvaju elemenata, ako su dodavani i skidani elementi 
sljedećim nizom naredbi (za gore zadani prioritetni red P): 
DodajURed(&P, 5); 
SkiniIzReda(&P, &e); 
SkiniIzReda(&P, &e); 
DodajURed(&P, 21); 
 

Rješenja:",5,Gomila,0.1342294,,,,,,,,,,,1.0
ZI|2014-06-17|1,ZI,2014-06-17,1,"U jednostruko povezanu nesortiranu listu spremljeni su podaci o studentima. Lista je zadana sljedećim strukturama: 
struct zapis { 
 char imeprezime[80+1]; 
 int ocjena; 
}; 
struct at { 
 struct zapis element; 
 struct at *sljed; 
}; 
typedef struct at atom; 
Napišite funkciju čiji je prototip: 
void podijeliListu(atom **glava, int ocjena); 
koja će listu podijeliti s obzirom na zadanu ocjenu i pri tome obrnuti redoslijed elemenata. 
Znači, nakon završetka funkcije svi čvorovi sa zapisima o studentima čija je ocjena manja ili jednaka zadanoj ocjeni 
trebaju biti u prvom dijelu liste u obrnutom redoslijedu od redoslijeda u zadanoj listi, dok ostali čvorovi trebaju biti u 
drugom dijelu liste, također u obrnutom redoslijedu. 
Primjer: prije poziva funkcije lista sadrži sljedeće ocjene: 5, 2, 4, 3, 4, 3, 2, 4, 5, 1. 
Nakon poziva funkcije podijeliListu sa zadanom ocjenom 3, lista treba biti: 1, 2, 3, 3, 2, 5, 4, 4, 4, 5.",3,Vezana lista,0.07944093,,,,,,,,,,,0.6857142857142857
ZI|2014-06-17|2,ZI,2014-06-17,2,"Definiran je tip podataka (varijabli) Red koji odgovara strukturi red čiji elementi su riječi (nizovi znakova). Za dohvat 
sljedećeg elementa reda koristi se funkcija: 
char *redSkini(Red *red); 
Također je definirana i struktura Stog koja se koristi za LIFO pohranu 
spomenutih redova, a za rad sa stogom na raspolaganju su funkcije: 
void stogInit(Stog *stog); 
void stogDodaj(Stog *stog, Red *element); 
Red *stogSkini(Stog *stog); 
Funkcija za dohvaćanje (skidanje) sa stoga vraća NULL ako je stog prazan. 
Važno! Redovi riječi imaju strogo propisanu strukturu kao na slici, dakle svaki red osim posljednjeg (prvog stavljenog 
na stog) sadrži točno jednu riječ „PREKID“, dok posljednji red ne sadrži tu riječ. Također, može se pretpostaviti da 
stog nije prazan, tj. barem je jedan red riječi na stogu. 
Potrebno je napisati funkciju ispis prototipa 
void ispis(Stog *stog); 
koja ispisuje sve riječi svih redova na stogu na standardni izlaz tako da se trenutačni red ispisuje riječ po riječ sve do 
riječi „PREKID“. Riječ „PREKID“ se ne ispisuje, nego se nastavlja ispisivanjem sadržaja sljedećeg reda na stogu. Nakon 
što je sljedeći red na stogu ispisan, funkcija nastavlja ispisivati ostatak sadržaja prethodnog reda (čiji je ispis bio 
prekinut). Za stog i redove u primjeru na slici, ispis treba biti 12<abcd>34. 
Nakon povratka iz funkcije ispis, stog mora ostati sačuvan (iako redovi čije su adrese na stogu ne moraju).",1,Stog,0.13896257,,,,,,,,,,,1.0
ZI|2014-06-17|3,ZI,2014-06-17,3,"Binarno stablo jednoznačno je zadano svojim preorder i inorder ispisima. U nacrtanom okviru skicirajte stablo čiji su 
preorder i inorder ispisi (redom s lijeva na desno) 
Preorder: 
97, 3, 51, 37, 44, 33, 22, 61, 83 
Inorder: 
51, 44, 37, 3, 97, 22, 33, 83, 61",4,Binarno stablo,0.11169766,,,,,,,,,,,0.8421052631578947
ZI|2014-06-17|4,ZI,2014-06-17,4,"Čvor stabla definiran je odsječkom: 
struct cv { 
 int vrijednost; 
 struct cv *lijevo, *desno; 
}; 
Zadani su prototipovi dviju funkcija: 
int sirinaRazine(cvor* korijen, int razina); 
int sirinaStabla(cvor* korijen); 
Funkcija sirinaRazine treba vratiti broj čvorova na razini razina. Funkcija sirinaStabla treba vratiti najveću širinu 
svih razina u binarnom stablu, dakle broj čvorova na najširoj razini. Po dogovoru, korijen stabla je na razini 1. 
U primjeru na slici širina razine dva je 2, što je najveća širina u ovom stablu pa time i vrijednost koju funkcija 
sirinaStabla mora vratiti. 
Napišite funkcije sirinaRazine i sirinaStabla.",4,Binarno stablo,0.11334226,,,,,,,,,,,0.47368421052631576
ZI|2014-06-17|5,ZI,2014-06-17,5,"Zadan je niz brojeva: 36, 58, 44, 28, 96, 62, 76, 38. 
 
a) Ilustrirajte (nacrtajte stablo nakon svake promjene) stvaranje gomile s relacijom veći od (max heap) od zadanog 
polja brojeva algoritmom čija je složenost za najgori slučaj O(n). 
 
b) Počevši od gomile iz podzadatka a), prikažite sortiranje zadanog niza heapsortom, jasno prikazujući svaki korak 
sortiranja (nacrtajte stablo nakon svakog koraka algoritma). 
 
 
 

Rješenja:",5,Gomila,0.03641522,,,,,,,,,,,0.13333333333333333
ZI|2013-06-18|1,ZI,2013-06-18,1,"Za tip podatka Red definirane su funkcije (nije ih potrebno pisati) za inicijalizaciju reda, dodavanje elementa u red te 
za skidanje elementa iz reda. Prototipovi navedenih funkcija su: 
void init_red(Red *red); 
int dodaj(Element element, Red *red); 
int skini(Element *element, Red *red); 
Funkcije dodaj i skini vradaju 1 ako je operacija dodavanja ili skidanja uspjela, a 0 inače. Elementi reda su podaci 
tipa Element. Tipovi Element i Red definirani su redom sljededim programskim odsječkom: 
#define MAXNIZ 20 
typedef struct Element{ 
 char niz[MAXNIZ + 1]; 
} Element; 
typedef struct at { 
 
Element element; 
 
struct at *sljed; 
} atom; 
 
typedef struct { 
 
atom *ulaz; 
atom *izlaz; 
} Red;
Napišite funkciju koja de iz zadanog reda u novi red kopirati sve elemente čija varijabla niz sadrži podniz koji 
funkcija primi kao ulazni argument. Funkcija pozivatelju vrada taj novi red, a prototip joj je: 
Red* trazi(Red *red, char* podniz) 
Poredak elemenata u novom redu mora biti isti kao i poredak u ulaznom redu. Po završetku izvođenja funkcije, ulazni 
red mora sadržavati iste podatke u istom redoslijedu kao i prije poziva funkcije trazi. 
Ako npr. zadani red sadrži elemente sa sljededim nizovima znakova: ''234dd6'', ''aBc569'', ''1234d'', ''ab45de'', a 
traženi podniz je ''34d'', funkcija mora vratiti novi red čiji elementi sadrže nizove ''234dd6'' i ''1234d''. 
Napomene: Rješenja koja nede koristiti zadane funkcije za rad s redom donijet de 0 bodova. Možete koristiti pomodne 
redove unutar funkcije trazi. Skredemo pozornost da bi funkcije strcpy i strstr iz standardne programske knjižnice 
C-a mogle biti od koristi.",2,Red,0.104146555,,,,,,,,,,,0.5
ZI|2013-06-18|2,ZI,2013-06-18,2,"U memoriji postoji jednostruko povezana sortirana lista ostvarena (realizirana) strukturom: 
struct el { 
 
 
struct el* sljedeci; 
 
 
int vrijednost; 
}; 
typedef struct el element; 
Napišite funkciju koja de iz liste ukloniti sva ponavljanja nekog elementa ostavljajudi u listi samo prvi takav element 
gledano od početka liste. Memoriju koju su zauzimali uklonjeni elementi treba osloboditi. Funkcija prima pokazivač 
na prvi član liste, a prototip joj je: 
void izbaci(element* glava);",3,Vezana lista,0.12095334,,,,,,,,,,,0.2857142857142857
ZI|2013-06-18|3,ZI,2013-06-18,3,"Zadan je niz brojeva: 30, 45, 31, 60, 87, 95, 12, 69 
 
a) (3 boda) Ilustrirajte (nacrtajte stablo nakon svake promjene) stvaranje gomile od zadanog polja brojeva 
algoritmom čija je složenost za najgori slučaj O(n). 
 
b) (3 boda) Ilustrirajte (nacrtajte stablo nakon svake promjene) stvaranje gomile od zadanog polja brojeva 
algoritmom čija je složenost za najgori slučaj O(nlogn).",5,Gomila,0.026911521,,,,,,,,,,,0.3333333333333333
ZI|2013-06-18|4,ZI,2013-06-18,4,"Binarno stablo za pretraživanje organizirano je po pravilu da su brojevi u lijevom podstablu manji od brojeva u 
desnom. Postorder ispis binarnog stabla za pretraživanje je: 
3, 5, 4, 1, 8, 15, 16, 11, 7, 6 
 
a) (2 boda) Rekonstruirajte binarno stablo za 
pretraživanje (nacrtajte izgled) u prostor s desna 
 
 
 
 
 
 
 
 
b) (4 boda) Binarno stablo za pretraživanje, zadano postorder ispisom, ostvareno je statičkom strukturom 
polje, pri čemu se prvi element polja (indeks nula) ne koristi, nego je korijen stabla na indeksu 1. Napišite, u 
odgovarajudem redoslijedu, niz indeksa (i1, i2, i3, ... i10) u polju na kojima se nalaze elementi ispisani 
postorder obilaskom stabla. Na primjer, i3 je indeks na kojem se u polju nalazi 3. po redu ispisani element 
stabla. Odgovor napišite na crtu ispod.",4,Binarno stablo,0.10857332,,,,,,,,,,,0.5789473684210527
ZI|2013-06-18|5,ZI,2013-06-18,5,"Zadan je tip podatka Stog za koji su definirane funkcije za inicijalizaciju stoga, dodavanje elementa na stog i brisanje 
elementa sa stoga. Elementi stoga su podaci tipa Student koji sadrže prezime studenta (40 znakova), ime studenta 
(30 znakova) te broj bodova ostvarenih na predmetu ASP. Prototipovi navedenih funkcija su: 
void init_stog(Stog *stog); 
int dodaj(Student element, Stog *stog); 
int skini(Student *element, Stog *stog); 
 
Funkcije dodaj i skini vraćaju 1 ako je operacija dodavanja ili skidanja uspjela, a 0 inače. 
 
a) (1 bod) Napišite definicije odgovarajudih struktura (tipovi podataka Student, Stog i atom) za stog realiziran 
vezanom listom. 
b) (5 bodova) Napišite funkciju koja de sa stoga ukloniti sve studente koji imaju broj bodova manji od prosjeka 
bodova svih studenata na stogu. Redoslijed studenata koji su ostavljeni na stogu mora biti isti kao i prije 
poziva funkcije. Funkcija vrada broj studenata uklonjenih sa stoga. Prototip funkcije treba biti: 
 int MakniIspodProsjeka (Stog *stog); 
Napomene: Rješenja koja nede koristiti zadane funkcije za rad s stogom donijet de 0 bodova. Možete koristiti 
pomodne stogove unutar funkcije MakniIspodProsjeka. 
 
 
Izgled stabla: 
 
 
 
 

 
Rješenja:",3,Vezana lista,0.06541139,,,,,,,,,,,0.05714285714285714
ZI|2012-06-20|1,ZI,2012-06-20,1,"Za red realiziran jednostruko povezanom listom napišite funkciju dodaj za dodavanje elementa u red. 
Prototip funkcije je: 
int dodaj(int element, atom **ulaz, atom **izlaz); 
Funkcija treba vratiti 1 ukoliko je element uspješno dodan u red, a 0 inače. 
Tip atom definiran je sljedećim programskim odsječkom: 
struct at { 
 int element; 
 struct at *sljed; 
}; 
typedef struct at atom;",3,Vezana lista,0.124243036,,,,,,,,,,,0.9142857142857143
ZI|2012-06-20|2,ZI,2012-06-20,2,"Zadan je niz brojeva 2, 5, 7, 8, 11, 1, 4, 2, 3, 7 koji su spremljeni u čvorove binarnog stabla. Čvor stabla definiran 
je sljedećim programskim odsječkom: 
typedef struct cv { 
 int el; 
 struct cv *lijevo; 
 struct cv *desno; 
} cvor; 
a)(6 bodova) Napišite funkciju dodaj koja dodaje element u stablo tako da se pozivima te funkcije za sve 
elemente zadanog niza brojeva stvori stablo kao na slici Slika 1. Funkcija vraća pokazivač na korijen stabla. 
Prototip funkcije je: 
cvor *dodaj (cvor *korijen, int broj); 
b)(3 boda) Napišite funkciju zamijeni koja će svaki element stabla zamijeniti sumom elemenata u njegovom 
lijevom i desnom podstablu (tj. sumom njegovih potomaka prije zamjene vrijednosti u tim potomcima). Npr. 
stablo sa slike Slika 1 transformirat će se u stablo na slici Slika 2. 
 
c)(3 boda) Napišite glavni program koji će definirati cjelobrojno polje i inicijalizirati ga na vrijednosti iz 
zadanog niza brojeva. Korištenjem funkcije iz a) dijela zadatka stvoriti stablo sa slike Slika 1, te pozivom 
funkcije iz b) dijela zadatka transformirati ga u stablo na slici Slika 2. 
 
 
 
 
 
 
 
 
 
 
Slika 1 
Slika 2 
2 
5 
1 
7 
4 
8 
7 
11 
2 
3",4,Binarno stablo,0.1037663,,,,,,,,,,,0.42105263157894735
ZI|2012-06-20|3,ZI,2012-06-20,3,"a)(2 boda) Zadan je inorder (lijevo, korijen, desno) ispis gomile u kojoj je roditelj veći od svoje djece: 
75, 78, 74, 80, 11, 32, 92, 50, 84, 58. Nacrtajte gomilu. 
 
b)(2 boda) Zadana je gomila kao na slici. 
Prikažite sve korake uzlaznog heap sorta",5,Gomila,0.1029657,,,,,,,,,,,0.8666666666666667
ZI|2012-06-20|4,ZI,2012-06-20,4,"Za tip podatka Stog koji je realiziran jednostruko povezanom listom definirane su funkcije za inicijalizaciju 
stoga, dodavanje elementa na stog te skidanje elementa sa stoga. Zadana su dva stoga stog1 i stog2, a 
elementi stogova su podaci tipa Osoba koji sadrže informaciju o šifri osobe (cijeli broj) i visini (cijeli broj). Stog 
stog1 sadrži podatke samo za muškarce, a stog2 samo za žene i na oba stoga su podaci sortirani po visini 
tako da je najviša osoba na vrhu stoga. Prototipovi navedenih funkcija su: 
void init_stog(Stog *stog); 
int dodaj(Osoba element, Stog *stog); 
int skini(Osoba *element, Stog *stog); 
 
Funkcije dodaj i skini vraćaju 1 ako je operacija dodavanja ili skidanja uspjela, a 0 inače. 
 
a)(1 bod) Napišite definicije odgovarajućih struktura (tipovi podataka Osoba, Stog i atom) za stog 
realiziran jednostruko povezanom listom. 
b)(7 bodova) Napišite rekurzivnu funkciju spoji koja će sa stoga stog2 skinuti sve podatke i staviti ih na 
stog stog1, ali tako da ostane očuvan poredak po visini. Poredak osoba s istom visinom nije bitan. 
 
Primjer: 
 
stog1 
 
stog2 
 
stog1 (nakon spoji) 
vrh stoga-> 345, 202 vrh stoga-> 348, 203 vrh stoga-> 348, 203 
 
161, 200 
234, 200 
345, 202 
 
654, 197 
111, 189 
234, 200 
 
122, 182 
981, 169 
161, 200 
 
234, 170 
 
 
654, 197 
 
111, 189 
 
122, 182 
 
234, 170 
 
981, 169 
 
 
 
 
8 
7 
6 
9 
10 
5",3,Vezana lista,0.08235781,,,,,,,,,,,0.02857142857142857
ZI|2011-06-13|1,ZI,2011-06-13,1,"U dvostruko povezanoj listi nalaze se podaci o studentima opisani sljedećom strukturom: 
struct student { 
 char imeprezime[80+1]; 
 int godRod; 
}; 
struct at { 
 struct student element; 
 struct at *sljed; 
 struct at *preth; 
}; 
 
typedef struct at atom; 
 
Lista je sortirana silazno (od glave) po godini rođenja. Napišite funkciju koja će iz liste izbaciti sve 
studente koji imaju zadani broj godina. Kao trenutačnu godinu uzmite 2011. Prototip funkcije je: 
 
void izbaci(atom **glava, atom **rep, int brGodina);",3,Vezana lista,0.101951145,,,,,,,,,,,0.14285714285714285
ZI|2011-06-13|2,ZI,2011-06-13,2,"Binarno stablo sadrži cjelobrojne elemente, a čvor je definiran sljedećom strukturom: 
typedef struct s { 
 
int vrijednost; 
 
struct s *lijevo, *desno; 
} cvor; 
 
Napišite funkciju Listopad koja briše sve listove zadanog stabla.",4,Binarno stablo,0.096374966,,,,,,,,,,,0.3684210526315789
ZI|2011-06-13|3,ZI,2011-06-13,3,"Zadan je niz brojeva: 27, 49, 35, 19, 87, 53, 67, 29. 
 
a) Ilustrirajte (nacrtajte stablo nakon svake promjene) stvaranje gomile od zadanog polja 
brojeva algoritmom čija je složenost za najgori slučaj O(n). 
 
b) Za gomilu iz a) zadatka prikažite postupak uzlaznog heapsorta. Prikažite svaki korak 
sortiranja (nacrtajte stablo nakon svake zamjene dva elementa).",5,Gomila,0.030118788,,,,,,,,,,,0.06666666666666667
ZI|2011-06-13|4,ZI,2011-06-13,4,"Upišite u prazan prostor s desne strane rezultat izvođenja funkcije radiNesto nad binarnim 
sortiranim stablom stvorenim iz ulaznog niza brojeva: 9, 4, 2, 6, 12, 11, 5, 19, 7, 10. 
 
int radiNesto(cvor *korijen){ 
int t; 
if (korijen == NULL) return 0; 
 
if (!korijen->lijevo && !korijen->desno) return korijen->broj; 
t = radiNesto(korijen->desno) + radiNesto(korijen->lijevo); 
printf(""%d "",t); 
return t; 
}",4,Binarno stablo,0.12476379,,,,,,,,,,,0.7368421052631579
ZI|2011-06-13|5,ZI,2011-06-13,5,"Dopunite programski odsječak tako da funkcija f rekurzivno zbraja neparne elemente u 
jednostruko povezanoj listi te vraća dobiveni zbroj. 
 
int f(cvor *glava){ 
 
if(glava) { 
 
 
if (___________________________________________________) 
 
 
 
___________________________________________ 
 
 
else 
 
 
 
___________________________________________ 
 
} 
 
else{ return 0; } 
}",3,Vezana lista,0.11001307,,,,,,,,,,,1.0
ZI|2011-06-13|6,ZI,2011-06-13,6,"Binarno stablo karakterizirano je sljedećim podacima: 
• 
ispis inorder: 4,5,7,9,10,11,13,17,18,19 
• 
ispis postorder: 4,7,10,9,5,18,17,13,19,11 
 
Potrebno je: 
a) rekonstruirati binarno stablo (nacrtati izgled) 
b) na liniju napisati preorder ispis stabla: ________________________________________________________ 
 
 
 
 
 
 
 
Rješenje: 
Izgled stabla: 
 
 
 
 

 
 
RJEŠENJA: 
Zadatak 1. RJEŠENJE 
 
void izbaci(atom **glava, atom **rep, int brGodina){ 
 atom2 *pom, *temp; 
 
 pom = *glava; 
 
 while(pom != NULL){ 
 if (2011- pom->element.godRod == brGodina){ 
 temp = pom; 
 if (pom->preth == NULL){/*briše li se glava*/ 
 *glava = (*glava)->sljed; 
 (*glava)->preth = NULL; 
 } 
 else{ 
 pom->preth->sljed = pom->sljed; /*prespoji*/ 
 if (pom->sljed){ 
 pom->sljed->preth = pom->preth; 
 } 
 else{/*brisao se dotadašnji rep*/ 
 *rep = pom->preth; 
 } 
 } 
 /*pripremi se za sljedeći korak*/ 
 pom = pom->sljed; 
 free(temp); 
 } 
 else if (2011 - pom->element.godRod > brGodina) break; 
 else 
 pom = pom->sljed; 
 } 
} 
 
Alternativno... 
 
void izbaci(atom **glava, atom **rep, int brGodina){ 
 
atom *p = *glava; 
atom *p1 = NULL; 
atom *p2 = NULL; 
 
if (!p) { // ako je lista prazna 
 
 
return; 
 
} 
 
while (p && p->el.godRod > (2011 – brGodina)) { 
 
 
p = p->sljed; 
 } 
if (p && p->el.godRod == (2011-brGodina)){ 
 
p1 = p; 
 
p = p->preth; 
} else { 
 
//Ne postoji element s jednakim brojem godina 
 
return; 
} 
//p je sada na zadnjem elementu koji ima manje od zadanog //broja godina ili je 
NULL (ako nema zapisa s manjim brojem //godina) 
//p1 je na prvom koji ima zadani broj godina 
while (p1 && p1->el.godRod == (2011 – brGodina)) { 
//Ako postoji sljedeći, postavi njegov prethodni na p 
 
 
if (p1->sljed) { 
 
 
 
p1->sljed->preth = p; 
 
 
} else { 
//Ne postoji sljedeći – izbacujemo zadnji element - //moramo urediti I rep 
*rep = p; 

} 
//Ako postoji prethodni, postavi njegov sljedeći na 
//sljedeći od trenutnog 
if (p1->preth) { 
 
 
 
p1->preth->sljed = p1->sljed; 
 
 
} else { 
//Ne postoji prethodni – glava gleda na element koji //izbacujemo 
*glava = p1->sljed; 
} 
p2 = p1; 
p1 = p1->sljed; 
free(p2); 
 } 
} 
 
 
Zadatak 2. RJEŠENJE 
cvor *Listopad(cvor *k) 
{ 
 if(k) 
 { 
 if(!k->lijevo && !k->desno) 
 { 
 free(k); 
 return NULL; 
 } 
 else 
 { 
 k->lijevo=Listopad(k->lijevo); 
 k->desno=Listopad(k->desno); 
 } 
 } 
 return k; 
} 
 
 
 
Zadatak 3. RJEŠENJE 
a) 
 napravi se potpuno stablo i radi se gomila. Rješenje: 
 
27 
 49 35 
 19 87 53 67 
 29 
 
 
27 
 49 35 
 29 87 53 67 
 19 
 
 
27 
 49 67 
 29 87 53 35 
 19 
 
 
27 
 87 67 
 29 49 53 35 
 19 
 
Alternativno: 
void listopad2(cvor **k) 
{ 
 if(*k) 
 { 
 if(!(*k)->lijevo && !(*k)->desno) 
 { 
 free(*k); 
 *k=NULL; 
 } 
 else 
 { 
 listopad2(&(*k)->lijevo); 
 listopad2(&(*k)->desno); 
 } 
 } 
} 
 

 
87 
 27 67 
 29 49 53 35 
 19 
 
GOMILA: 
 
87 
 49 67 
 29 27 53 35 
 19 
 
b) 
 
 
 
 
87 
49 
67 
29 
27 
53 
35 
19 
 
Zamjena 
 
 
 
19 
49 
67 
29 
27 
53 
35 
87 
 
Podešavanje: 
 
 
 
67 
49 
53 
29 
27 
19 
35 
87 
 
Zamjena 
 
 
35 
49 
53 
29 
27 
19 
67 
87 
 
Podešavanje: 
87
49
29
19
27
67
53
35
19
49
29
27
67
53
35
67
49
29
27
53
19
35
35
49
29
27
53
19

 
 
 
53 
49 
35 
29 
27 
19 
67 
87 
 
Zamjena: 
 
 
 
19 
49 
35 
29 
27 
53 
67 
87 
 
 
Podešavanje: 
 
 
 
 
49 
29 
35 
19 
27 
53 
67 
87 
 
 
Zamjena 
 
 
 
27 
29 
35 
19 
49 
53 
67 
87 
 
 
Podešavanje 
 
 
35 
29 
27 
19 
49 
53 
67 
87 
 
53
49
29
27
35
19
19
49
29
27
35
49
29
19
27
35
27
29
19
35
35
29
19
27

Zamjena 
 
 
 
 
19 
29 
27 
35 
49 
53 
67 
87 
 
 
Podešavanje 
 
 
29 
19 
27 
35 
49 
53 
67 
87 
 
 
Zamjena 
 
 
 
27 
19 
29 
35 
49 
53 
67 
87 
 
 
Podešavanje – ok 
 Zamjena 
 
 
 
 
19 
27 
29 
35 
49 
53 
67 
87 
 
 
 
Zadatak 4. RJEŠENJE 
RJEŠENJE: 
Ispisuje u svakom koraku zbroj vrijednosti listova podstabala trenutnog čvora(osim u slučaj kad je 
trenutni čvor list). Također valjda primjetiti da se kreće prvo s desnim podstablom. 
ISPIS: 10 29 12 14 43 
19
29
27
29
19
27
27
19

Zadatak 5. RJEŠENJE 
Rješenje: 
(glava->element)%2 
return glava->element + f(glava->sljed); 
return f(glava->sljed); 
 
Zadatak 6. RJEŠENJE 
 
RJEŠENJE 
 
 
Preorder: 11,5,4,9,7,10,19,13,17,18 
(*stablo stvoreno iz : 11, 19, 5, 13, 9, 17, 18, 10, 4, 7) 
11
5
4
9
7
10
19
13
17
18",3,Vezana lista,0.1073872,,,,,,,,,,,0.7714285714285715
ZI|2010-07-02|1,ZI,2010-07-02,1,"U jednostruko povezanoj listi sortiranoj silazno po prosjeku spremljeni su podaci o studentima. Lista je 
zadana strukturama: 
struct zapis { 
 char imeprezime[80+1]; 
 float prosjek; 
}; 
 
struct at { 
 struct zapis element; 
 struct at *sljed; 
}; 
typedef struct at atom; 
Napišite funkciju koja će stvoriti novu listu u kojoj će podaci o studentima biti sortirani uzlazno. Ulazna 
lista mora ostati očuvana. Prototip funkcije je: 
atom *okreniListu(atom *glava);",3,Vezana lista,0.08899649,,,,,,,,,,,0.17142857142857143
ZI|2010-07-02|2,ZI,2010-07-02,2,"Binarno stablo sadrži cjelobrojne elemente te je čvor definiran sljedećim kodom: 
typedef struct s { 
 int vrijednost; 
 struct s *lijevo, *desno; 
} cvor; 
Za svaki čvor binarnog stabla definiramo balans kao vrijednost čvora umanjenu za balanse njegovog lijevog 
i desnog djeteta. Ako čvor nema neko dijete, računa se da je balans tog djeteta nula. 
 
a) Napišite rekurzivnu funkciju balans koja računa balans zadanog čvora stabla. Prototip funkcije je: 
int balans(cvor *cv); 
b) Koristeći funkciju balans, napišite rekurzivnu funkciju najmanjiBalans koja određuje kolika je 
vrijednost najmanjeg balansa čvora u stablu. Prototip funkcije je: 
int najmanjiBalans(cvor *korijen); 
Funkciju najmanjiBalans možete napisati i ako ne napišete funkciju balans (pretpostavite da funkcija 
balans postoji i da ispravno radi). Pretpostavite da binarno stablo nije prazno. Nije dopušteno korištenje 
pomoćnih struktura (red, stog i slično). 
 
Primjer: Na slici lijevo nalazi se primjer binarnog stabla, a desno se nalaze balansi čvorova stabla (npr. 
balans korijena je 28, a njegovog lijevog djeteta je ‐2). 
 
Binarno stablo 
 
 
 
 
Balansi čvorova stabla
 
 
33 
24 
25
17 
9 
18 
28
‐2
7 
17
9
18",4,Binarno stablo,0.11492161,,,,,,,,,,,0.631578947368421
ZI|2010-07-02|3,ZI,2010-07-02,3,"Zadan je niz brojeva: 15, 8, 14, 35, 60, 6, 39, 37, 1. 
 
a) Ilustrirajte (nacrtajte stablo nakon svake promjene) stvaranje gomile od zadanog polja brojeva 
algoritmom čija je složenost za najgori slučaj O(n). 
 
b) Ilustrirajte (nacrtajte stablo nakon svake promjene) stvaranje gomile od zadanog polja brojeva 
algoritmom čija je složenost za najgori slučaj O(nlogn).",5,Gomila,0.028301824,,,,,,,,,,,0.26666666666666666
ZI|2010-07-02|4,ZI,2010-07-02,4,"Koristeći prostor nad crtama, napišite naredbe tako da funkcija iz jednostruko povezane liste izbacuje 
prvih N elemenata. Ako u listi ima manje od N elemenata, funkcija izbacuje sve elemente. 
void izbaci(atom **glava, int n){ 
int brojac = 0; 
 
atom *stari; 
 
 
______________________________ 
 
 
while ((pomocni != NULL) && (brojac < n)){ 
 
 
 
_____________________________ 
 
 
free (*glava); 
 
 
*glava = pomocni; 
 
 
brojac++; 
 
} 
}",3,Vezana lista,0.1010138,,,,,,,,,,,0.9714285714285714
ZI|2010-07-02|5,ZI,2010-07-02,5,"Nacrtati binarno sortirano stablo za ulazni niz brojeva: 8, 12, 3, 5, 6, 27, 31, 4, 17, 20, 2.",4,Binarno stablo,0.109305516,,,,,,,,,,,0.5263157894736842
ZI|2010-07-02|6,ZI,2010-07-02,6,"Koristeći prostor nad crtama, napišite naredbe tako da funkcija ubacuje element u gomilu, pri čemu je 
složenost takvog algoritma za najgori slučaj O(nlog2n). 
void ubaci (tip A[], int j) { 
 int i, k, novi; 
 k = j; 
 i = j/2; 
novi = A[j]; 
 
 while (_____________________________) { 
 A[k] = A[i]; 
 k = i; 
 i /= 2; 
 
 } 
 
 ________________________; 
} 
1. 

Rješenje: 
atom *okreniListu(atom *glava) 
{ 
 
atom *novi, *pom; 
 
pom = NULL; 
 
while(glava != NULL) 
 
{ 
 
 
novi = (atom *) malloc(sizeof(atom)); 
 
 
 
novi->element.prosjek = glava->element.prosjek; 
 
 
strcpy(novi->element.imeprezime,glava->element.imeprezime); 
 
// umjesto zadnja dva reda može i 
// novi->element = glava->element; 
 
 
 
novi->sljed = pom; 
 
 
pom = novi; 
 
 
glava=glava->sljed; 
 
} 
 
return pom; 
} 
2. 
int balans(cvor *cv){ 
 
int balans_lijevo, balans_desno; 
 
 
if (cv==NULL) return 0; 
 
balans_lijevo=balans(cv->lijevo); 
 
balans_desno=balans(cv->desno); 
 
return cv->vrijednost-(balans_lijevo+balans_desno); 
} 
 
int najmanjiBalans(cvor *korijen) 
{ 
 
// ideja: za zadani čvor korijen naći najmanji balans u podstablu 
int min, pmin; 
 
 
 // proglasim balans korijena za najmanji balans 
 
 min=balans(korijen); 
 
 // ako je korijen list, njegov balans je sigurno najmanji 
 
 if (korijen->lijevo==NULL && korijen->desno==NULL) return min; 
 
 // ako postoji lijevo podstablo, nađi najmanji balans u njemu i 
 
 // usporedi ga s balansom korijena te odredi novi najmanji balans 
 
 if (korijen->lijevo!=NULL){ 
 
 
 pmin=najmanjiBalans(korijen->lijevo); 
 
 
 if (pmin<min) min=pmin; 
 
 } 
 
 // ako postoji desno podstablo, nađi najmanji balans u njemu i 
 // usporedi ga s trenutnim najmanjim. 
 
 if (korijen->desno!=NULL){ 
 
 
 pmin=najmanjiBalans(korijen->desno); 
 
 
 if (pmin<min) min=pmin; 
 
 } 
 
 return min; 
} 
 
 
 
 
 
 
 
 

 
3. U zadacima je trebalo ispisati korake, ovdje objavljujemo samo konačni izgled gomile. 
a) napravi se potpuno stablo i radi se gomila. Rješenje: 
 
b) dodaje se element po element i nakon svakog dodavanja podesi se gomila. 
 
4. 
 
void izbaci(atom **glava, int n){ 
 
 int brojac = 0; 
 
 
atom *pomocni = *glava; 
 
 
 
 while ((pomocni != NULL) && (brojac < n)){ 
 
pomocni = (*glava)->sljed; 
 
 
free (*glava); 
 
 
*glava = pomocni; 
 
 
brojac++; 
 
} 
 
} 
 
 
5. 
 
 8 
 
 
3 
 
12 
 
 2 5 27 
 4 6 17 31 
 20 
 
6. void ubaci (tip A[], int j) { 
 int i, k, novi; 
 k = j; 
 i = j/2; 
 novi = A[j]; 
 while (_(i > 0) && (A[i] < novi_) { 
 A[k] = A[i]; 
 k = i; 
 i /= 2; 
 } 
A[k] = novi; 
 
}",5,Gomila,0.08973072,,,,,,,,,,,0.7333333333333333
ZI|2009-06-23|1,ZI,2009-06-23,1,"U jednostruko povezanu nesortiranu listu spremljeni su podaci o studentima. Lista je zadana sljedećim 
strukturama: 
struct zapis { 
 char imeprezime[80+1]; 
 int ocjena; 
}; 
struct at { 
 struct zapis element; 
 struct at *sljed; 
}; 
 
typedef struct at atom; 
Napišite funkciju koja će iz zadane liste sve čvorove koji sadrže studente čija je ocjena veća ili 
jednaka prosjeku ocjena svih studenata u listi prebaciti (bez stvaranja novih čvorova) u novu 
jednostruko povezanu listu. Funkcija treba vratiti pokazivač na glavu nove liste. 
Funkcija mora imati prototip: 
 
atom * razdvojiListe(atom **glava); 
Napomena: U izvornoj listi na koju pokazuje glava ostaju čvorovi koji sadrže studente čija je ocjena 
manja od prosjeka ocjena svih studenata. 
Primjer: glava prije poziva funkcije pokazuje na listu čvorova koji sadrže sljedeće ocjene: 
5, 2, 4, 3, 4, 3, 2, 4, 5, 1. 
Prosjek ocjena je 3,3 pa nakon poziva funkcije razdvojiListe varijabla glava pokazuje na 
listu čvorova koji sadrže sljedeće ocjene: 2, 3, 3, 2, 1. Funkcija vraća pokazivač na novu listu koja 
sadrži čvorove sa sljedećim ocjenama: 5, 4, 4, 4, 5.",3,Vezana lista,0.095293544,,,,,,,,,,,0.11428571428571428
ZI|2009-06-23|2,ZI,2009-06-23,2,"Binarno stablo sadrži cjelobrojne elemente te je čvor definiran sljedećim kodom: 
 
typedef struct s{ 
 
int x; 
 
struct s *lijevo, *desno; 
} cvor; 
Zadana je funkcija 
 int magicnaTrojka(int a, int b, int c); 
koja vraća 1 ako a, b i c čine magičnu trojku, a 0 inače. 
Napišite funkciju koja će vratiti koliko čvorova u stablu čini magičnu trojku sa svojom djecom. 
Prototip tražene funkcije je: 
 
int brojMagicnih(cvor *korijen);",4,Binarno stablo,0.10948666,,,,,,,,,,,0.8947368421052632
ZI|2009-06-23|3,ZI,2009-06-23,3,"Zadan je niz brojeva: 12, 5, 7, 1, 50, 22, 5, 43. 
 
a) (3 boda) Ilustrirajte (nacrtajte stablo nakon svake promjene) stvaranje gomile od 
zadanog polja brojeva algoritmom čija je složenost za najgori slučaj O(n). 
 
b) (3 boda) Ilustrirajte (nacrtajte stablo nakon svake promjene) stvaranje gomile od 
zadanog polja brojeva algoritmom čija je složenost za najgori slučaj O(nlogn). 
 
c) (2 boda) Zadana je gomila: 
33
24
25
17
9
18
 
 
Ilustrirajte izgled gomile nakon svake promjene dva čvora, za prva 3 koraka uzlaznog 
heap sorta.",5,Gomila,0.027901411,,,,,,,,,,,0.0
ZI|2009-06-23|4,ZI,2009-06-23,4,"Implementirajte razred Kugla s dvije (privatne) varijable jednostruke preciznosti koje predstavljaju 
polumjer kugle i gustoću materijala od kojeg je kugla napravljena. 
 
Implementirajte metode za dohvat i postavljanje vrijednosti polumjera i gustoće. 
 
Implementirajte i dvije metode koje računaju volumen i masu kugle. 
 
Napišite odsječak glavnog programa u kojem instancirajte objekte na dva načina: 
 
 na stogu, 
 na hrpi (engl. heap). 
 
Demonstrirajte njihovo korištenje pozivima svih metoda obaju objekata. 
 
Za instanciranje objekata koristite podrazumijevani konstruktor (ne trebate pisati vlastite 
konstruktore). 
 
 
Formule: 
 
gustoca
volumen
masa
*

 

*
*
3
4
3
polumjer
volumen 
 
 
 
 

Rješenja 
1. zadatak 
atom * razdvojiListu (atom **glava) { 
 float prosjek, suma=0; 
 int brojac=0; 
 atom *novi, *p, *zap=NULL, *preth; 
 novi=NULL; 
 for (p = *glava; p; p = p->sljed){ 
 
 
suma+=p->element.ocjena; 
 
 
brojac++; 
 } 
 if (brojac==0) return novi; 
 prosjek=suma/brojac; 
 for (p = *glava; p; p = p->sljed){ 
 
 if (p->element.ocjena>=prosjek) { 
 
 
 if (novi==NULL) 
 
 
 novi=p; 
 
 
 else 
 
 
 
 zap->sljed=p; 
 
 
 zap=p; 
 
 
 if (p==*glava) 
 
 
 
 *glava = (*glava)->sljed; 
 
 
 else{ 
 
 
 
preth->sljed=p->sljed; 
 
 
 
p=preth; 
 
 
 } 
 
 } 
 
 preth=p; 
 } 
 if (zap) zap->sljed=NULL; 
 return novi; 
} 

 
2. zadatak 
int brojMagicnih(cvor *korijen){ 
 int mt = 0; 
 if (korijen == NULL) 
 { 
 return 0; 
 } 
 if (korijen->lijevo != NULL && korijen->desno != NULL) 
 { 
 mt = magicnaTrojka(korijen->x, korijen->lijevo->x, korijen->desno->x); 
 } 
 
 return mt + brojMagicnih(korijen->lijevo) + brojMagicnih(korijen->desno); 
} 
ili 
int brojMagicnih(cvor *korijen){ 
 if (korijen == NULL) 
 { 
 
return 0; 
 } 
 else if (korijen->lijevo != NULL && korijen->desno != NULL) 
 { 
 
return magicnaTrojka(korijen->x, korijen->lijevo->x, 
korijen->desno->x) + 
 
 
 
 
 
brojMagicnih(korijen->lijevo) + brojMagicnih(korijen->desno); 
 
 
 } 
 else 
 { 
 
return brojMagicnih(korijen->lijevo) + brojMagicnih(korijen->desno); 
 } 
 
} 

3. zadatak 
a) 
 
12
5
7
1
50
22
5
43
12
5
7
43
50
22
5
1
12
5
22
43
50
7
5
1
12
50
22
43
5
7
5
1
50
12
22
43
5
7
5
1
50
43
22
12
5
7
5
1
 
 
 
 
b) 
 
12
5
7
1
50
12
50
7
1
5
50
12
7
1
5
22
50
12
22
1
5
7
5
43
50
12
22
43
5
7
5
1
50
43
22
12
5
7
5
1
 
 
 
 
 
 
 
 
 
 
 
 

c) 
 
33
24
25
17
9
18
18
24
25
17
9
33
25
24
18
17
9
9
24
18
17
25
24
9
18
17
24
17
18
9
9
17
18
24
18
17
9
 
 
 
 
 
 
 
 
 
 

4. zadatak 
#include <stdio.h> 
#include <math.h> 
 
const float PI=3.14; 
 
class Kugla 
{ 
private: 
 
float polumjer, gustoca; 
 
public: 
 
void SetPolumjer(float polumjer) 
 
{ 
 
 
this->polumjer=polumjer; 
 
} 
 
float GetPolumjer() 
 
{ 
 
 
return polumjer; 
 
} 
 
void SetGustoca(float gustoca) 
 
{ 
 
 
this->gustoca=gustoca; 
 
} 
 
float GetGustoca() 
 
{ 
 
 
return gustoca; 
 
} 
 
 
float volumen() 
 
{ 
 
 
return 4./3*pow(polumjer,3)*PI; 
 
 
} 
 
 
float masa(){ 
 
 
 
return volumen()*gustoca; 
 
} 
}; 
 
int main(){ 
 
Kugla k1; 
 
Kugla *k2= new Kugla(); 
 
k1.SetGustoca(2.1); 
 
k1.SetPolumjer(3); 
 
k2->SetGustoca(11.9); 
 
k2->SetPolumjer(8); 
 
printf(""kugla 1:\n radijus=%f\ngustoca=%f\nvolumen=%f\nmasa=%f\n"", 
k1.GetPolumjer(),k1.GetGustoca(),k1.volumen(),k1.masa()); 
 
printf(""kugla 2:\n radijus=%f\ngustoca=%f\nvolumen=%f\nmasa=%f\n"", 
k2->GetPolumjer(),k2->GetGustoca(),k2->volumen(),k2->masa()); 
 
delete k2; 
 
return 0; 
} 
 

Ponovljeni završni ispit iz predmeta",3,Vezana lista,0.12366905,,,,,,,,,,,0.8285714285714286
ZI|2008-07-03|1,ZI,2008-07-03,1,"Neka je binarno sortirano stablo zadano strukturom: 
 
struct cv { 
 int broj; 
 struct cv *lijevo; 
 struct cv *desno; 
}; 
 
typedef struct cv cvor; 
 
a) (4 boda) Napišite funkciju koja će izračunati sumu svih brojeva u onim čvorovima koji nisu listovi. 
Napišite primjer poziva napisane funkcije. 
b) (4 boda) Napišite funkciju koja će u binarno sortirano stablo ubaciti novi broj. Ako navedeni broj već 
postoji u stablu, novi se čvor ne ubacuje. Napišite primjer poziva napisane funkcije.",4,Binarno stablo,0.10526792,,,,,,,,,,,0.7894736842105263
ZI|2008-07-03|2,ZI,2008-07-03,2,"Zadana je dvostruko povezana lista čija je glava glava, a rep rep. Napišite funkciju koja će iz zadane liste 
sve čvorove koji sadrže parne brojeve prebaciti (bez stvaranja novih čvorova) u dvostruko povezanu listu 
čija je glava par_glava, a rep par_rep, nakon čega početna lista, čija je glava glava, a rep rep, 
treba sadržavati samo neparne brojeve. 
Prototip funkcije je: 
 void podijeli (atom **glava, atom **rep, atom **par_glava, atom** par_rep);",3,Vezana lista,0.11638267,,,,,,,,,,,0.3142857142857143
ZI|2008-07-03|3,ZI,2008-07-03,3,"a) (4 boda) Napišite funkciju za dodavanje jednog elementa u gomilu realiziranu poljem tako da nakon 
dodavanja polje i dalje bude gomila. 
 
Funkcija ima prototip: 
 
 
void dodaj(int element, int gomila[], int n); 
 
gdje je element element koji se dodaje, gomila dosadašnje polje koje predstavlja gomilu i n 
broj elemenata u polju. 
 
Pretpostavite da je rezervirano dovoljno memorije za polje. 
 
b) (3 boda) Zadan je niz brojeva: 5, 7, 2, 13, 6, 1, 8. Ilustrirajte (nacrtajte stablo nakon svake promjene) 
stvaranje gomile od zadanog polja brojeva algoritmom čija je složenost za najgori slučaj O(n). 

Ponovljeni završni ispit iz predmeta Algoritmi i strukture podataka",5,Gomila,0.07891382,,,,,,,,,,,0.6666666666666666
ZI|2008-07-03|4,ZI,2008-07-03,4,"Objektno orijentirana implementacija reda zadana je klasom: 
 
typedef int tip; 
struct at { 
 
 
tip element; 
 
 
struct at *sljed; 
 
}; 
typedef struct at atom; 
 
class Red { 
 
 
atom *ulaz, *izlaz; 
 
void obrisiRed(); 
 public: 
 
Red(); 
 
~Red(); 
 int Dodaj (tip element); 
 int Skini (tip *element); 
}; 
 
Objektno orijentirana implementacija stoga zadana je klasom: 
 
class Stog{ 
 
 
 
atom *vrh; 
 
void obrisiStog(); 
 public: 
 
Stog(); 
 
~Stog(); 
 
int Dodaj (tip element); 
 
int Skini (tip *element); 
}; 
 
Proširite navedene implementacije odgovarajućim konstruktorima ili funkcijama kako bi bilo moguće 
realizirati sljedeće podebljano označene retke: 
 
Red red; int n; 
 
… 
Stog stog(&red, n); /* 
Stvara stog koji sadrži prvih n elemenata iz 
reda (ili sve elemente reda ako on sadrži manje 
od n elemenata). Prvi element iz reda ide na 
dno stoga. Sadržaj reda mora biti očuvan. */ 
 
Red *noviRed = stog.URed(n); /* 
Vraća pokazivač na novi red koji se 
sastoji od prvih (gornjih) n elemenata stoga 
(ili od svih elemenata stoga ako on sadrži 
manje od n elemenata) Prvi element u redu je 
onaj koji je bio na vrhu stoga. Sadržaj stoga 
mora biti očuvan. */ 
 
Napomena: prazni konstruktor, destruktor te funkcije Dodaj i Skini već su napisani i njih ne treba pisati. 
(Naravno, smijete ih koristiti!) 

Ponovljeni završni ispit iz predmeta Algoritmi i strukture podataka 
Rješenja 
 
Zadatak 1. 
 
a) 
 
cvor* ubaci(cvor *korijen, int broj){ 
 
if (korijen){ 
 
 
if (broj < korijen->broj) 
 
 
 
korijen->lijevo = ubaci(korijen->lijevo, broj); 
 
 
else if (broj > korijen->broj) 
 
 
 
korijen->desno = ubaci(korijen->desno, broj); 
 
} 
 
else{ 
 
 
korijen = (cvor*) malloc(sizeof(cvor)); 
 
 
korijen->broj = broj; 
 
 
korijen->lijevo = NULL; 
 
 
korijen->desno = NULL; 
 
} 
 
return korijen; 
} 
 
b) 
 
int suma(cvor *korijen){ 
 if (korijen){ 
 
if (korijen->lijevo || korijen->desno){ 
 return korijen->broj + suma(korijen->lijevo) + suma(korijen->desno); 
 
} 
 
else 
 return 0; 
 } 
 else 
 return 0; 
} 

Ponovljeni završni ispit iz predmeta Algoritmi i strukture podataka 
 
Zadatak 2. 
 
void podijeli (atom **glava, atom **rep, atom **par_glava, atom** par_rep) { 
 
atom *trenutni, *sljedeci, *prethodni; 
 
 
trenutni = *glava; 
 
 
while(trenutni){ 
 
 
if (trenutni->broj % 2 == 0){ 
 
 
 
/* trenutnog treba ""isčupati"" van i 
premjestiti u drugu listu. Stoga treba promijeniti 
veze prethodnom i sljedećem (ako oni postoje) */ 
 
 
 
sljedeci = trenutni->sljed; 
 
 
 
prethodni = trenutni->preth; 
 
 
 
/* ako prethodnik postoji, 
promijeni sljedbenika prethodniku */ 
 
 
 
if (prethodni){ 
 
 
 
 
prethodni->sljed = sljedeci; 
 
 
 
} 
 
 
 
else{ 
/*nema prethodnika, dakle ""čupamo"" van onog koji je bio 
glava do tada, pa moramo promijeniti glavu */ 
 
 
 
 
*glava = sljedeci; 
 
 
 
} 
 
/* ako postoji sljedbenik, onda trenutni više nije njegov 
prethodnik, nego je to prethodni */ 
 
 
 
if (sljedeci){ 
 
 
 
 
sljedeci->preth = prethodni; 
 
 
 
} 
 
 
 
else{ 
/* ako sljedbenik ne postoji,onda je trenutni bio rep 
stare liste, pa to više nije, nego je to onaj ispred 
njega */ 
 
 
 
 
*rep = prethodni; 
 
 
 
} 
 
/* novi prethodnik čvora kojeg ""čupam"" van je rep nove liste, 
a nema sljedbenika */ 
 
 
 
trenutni->preth = *par_rep; 
 
 
 
trenutni->sljed = NULL; 
 
/* ako je postojao rep nove liste, onda je sljedbenik tog repa 
trenutni čvor, a trenutni čvor postaje rep nove liste*/ 
 
 
 
if (*par_rep){ 
 
 
 
 
(*par_rep)->sljed = trenutni; 
 
 
 
 
*par_rep = trenutni; 
 
 
 
} 
 
 
 
else{ 
/* ako nije bilo repa nove liste, nije bilo ni glave, pa 
je ovaj čvor i glava i rep nove liste */ 
 
 
 
 
*par_glava = *par_rep = trenutni; 
 
 
 
} 
 
 
 
 
 
 
 
/* idemo na sljedećeg u listi */ 
 
 
 
trenutni = sljedeci; 
 
 
} 
 
 
else /* idemo na sljedećeg u listi */ 
 
 
 
trenutni = trenutni->sljed; 
 
} 
} 
 

Ponovljeni završni ispit iz predmeta Algoritmi i strukture podataka 
Zadatak 3. 
 
a) 
void ubaci(int element, int gomila[], int n) { 
 int i, pom, novi; 
 n = n+1; 
 novi = element; 
 i = n/2; 
 while ((i > 0) && (gomila[i] < novi)) { 
 gomila[n] = gomila[i]; 
 n = i; 
 i = i/2; 
 
 } 
 gomila[n] = novi; 
} 
 
b) 
 
 
 
 
 
 
 
 
 
 
 
 
 
 
 
 
 
 
 
 
 
 
 
 

Ponovljeni završni ispit iz predmeta Algoritmi i strukture podataka 
4. zadatak 
 
S t og :: St og (R ed * s t ar i, i nt n ){ 
 
i n t i = 1; t i p e le m e n t; R e d p o m; 
 
t h i s -> v r h = NU L L; 
 
w h i l e( s t ar i - >S k in i ( & el e m en t ) ){ 
 i f ( i <= n) { 
 
 
p o m. D o da j ( el e m ent ) ; 
 
 
t h is -> Do da j( el eme n t) ; 
 
 
i + +; 
 } 
 e ls e 
 p o m .D od aj (e le me nt ) ; 
 
 
} 
 
 
 
w h i l e( p o m. S k in i (& e l e me n t )) { 
 
 
s t ar i- >D od aj (e lem e nt ); 
 
} 
} 
 
 
R e d* S to g: :U Re d( i n t n) { 
 
i n t i = 1; t i p e le m e n t; 
 
R e d *n o v i = ne w R e d ( ); 
 St og p om ; 
 
w h i l e( i < =n & & t hi s - > Sk i n i( & e le m en t ) ) { 
 
 
n o vi -> Do da j( el eme n t) ; 
 
 
p o m. D o da j ( el e m ent ) ; 
 i + +; 
 
} 
 
 
w h i l e( p o m. S k in i (& e l e me n t )) { 
 
 
t h is -> Do da j( el eme n t) ; 
 
} 
 
 
r e t u rn n ov i ; 
}",2,Red,0.11703463,,,,,,,,,,,0.6666666666666666
